user_a,user_b,log_retweet
BernieSanders,nowayoutofhere,0.6931471805599453
BernieSanders,BarronWheelbar1,0.0
BarronWheelbar1,BernieSanders,0.0
BernieSanders,BernieSanders,0.0
BernieSanders,BernieSanders,0.0
BernieSanders,ryanobles,4.290459441148391
ryanobles,BernieSanders,4.290459441148391
BernieSanders,BernieSanders,4.290459441148391
BernieSanders,BernieSanders,0.0
BernieSanders,LaurenKGurley,4.204692619390966
LaurenKGurley,BernieSanders,4.204692619390966
LaurenKGurley,BAmazonUnion,4.204692619390966
BernieSanders,BernieSanders,4.204692619390966
BernieSanders,BAmazonUnion,4.204692619390966
BernieSanders,BAmazonUnion,4.204692619390966
BernieSanders,BernieSanders,0.0
BernieSanders,Twitter,0.0
BernieSanders,Ignatio28508119,0.0
Ignatio28508119,BernieSanders,0.0
BernieSanders,BernieSanders,0.0
BernieSanders,Ignatio28508119,0.0
Ignatio28508119,BernieSanders,0.0
BernieSanders,BernieSanders,0.0
BernieSanders,BernieSanders,0.0
BernieSanders,BernieSanders,0.0
BernieSanders,ggreenwald,6.340359303727752
ggreenwald,BernieSanders,6.340359303727752
BernieSanders,BernieSanders,6.340359303727752
BernieSanders,BernieSanders,0.0
BernieSanders,BernieSanders,0.0
BernieSanders,ZionistColonist,0.0
ZionistColonist,Leylakhalid22,0.0
ZionistColonist,Michael__Baskin,0.0
ZionistColonist,gagne_laurent,0.0
ZionistColonist,Rochell16552885,0.0
ZionistColonist,hyderjoseph1,0.0
ZionistColonist,P3ng1z,0.0
BernieSanders,Leylakhalid22,0.0
Leylakhalid22,Michael__Baskin,0.0
Leylakhalid22,gagne_laurent,0.0
Leylakhalid22,Rochell16552885,0.0
Leylakhalid22,hyderjoseph1,0.0
Leylakhalid22,P3ng1z,0.0
BernieSanders,Michael__Baskin,0.0
Michael__Baskin,gagne_laurent,0.0
Michael__Baskin,Rochell16552885,0.0
Michael__Baskin,hyderjoseph1,0.0
Michael__Baskin,P3ng1z,0.0
BernieSanders,gagne_laurent,0.0
gagne_laurent,Rochell16552885,0.0
gagne_laurent,hyderjoseph1,0.0
gagne_laurent,P3ng1z,0.0
BernieSanders,Rochell16552885,0.0
Rochell16552885,hyderjoseph1,0.0
Rochell16552885,P3ng1z,0.0
BernieSanders,hyderjoseph1,0.0
hyderjoseph1,P3ng1z,0.0
BernieSanders,P3ng1z,0.0
BernieSanders,IvanoStellato,0.0
IvanoStellato,BernieSanders,0.0
BernieSanders,BernieSanders,0.0
BernieSanders,SenAngusKing,0.0
SenAngusKing,BernieSanders,0.0
BernieSanders,BernieSanders,0.0
BernieSanders,BernieSanders,0.6931471805599453
BernieSanders,BernieSanders,0.0
BernieSanders,BernieSanders,0.0
BernieSanders,BernieSanders,0.0
BernieSanders,NorthmanTrader,0.0
NorthmanTrader,BernieSanders,0.0
NorthmanTrader,federalreserve,0.0
NorthmanTrader,elonmusk,0.0
BernieSanders,BernieSanders,0.0
BernieSanders,federalreserve,0.0
BernieSanders,elonmusk,0.0
BernieSanders,federalreserve,0.0
federalreserve,elonmusk,0.0
BernieSanders,elonmusk,0.0
BernieSanders,BernieSanders,0.0
BernieSanders,BernieSanders,0.0
BernieSanders,BernieSanders,0.0
BernieSanders,BernieSanders,0.0
BernieSanders,CoriBush,7.089243155027514
BernieSanders,BernieSanders,0.0
BernieSanders,BernieSanders,0.0
BernieSanders,BernieSanders,0.0
BernieSanders,OurRevolution,2.772588722239781
BernieSanders,BernieSanders,0.0
BernieSanders,JaneKim,0.0
JaneKim,CornelWest,0.0
JaneKim,mrdannyglover,0.0
JaneKim,BernieSanders,0.0
BernieSanders,CornelWest,0.0
CornelWest,mrdannyglover,0.0
CornelWest,BernieSanders,0.0
BernieSanders,mrdannyglover,0.0
mrdannyglover,BernieSanders,0.0
BernieSanders,BernieSanders,0.0
BernieSanders,BernieSanders,0.0
BernieSanders,BernieSanders,0.0
BernieSanders,BernieSanders,0.0
BernieSanders,BernieSanders,0.0
BernieSanders,BernieSanders,0.0
BernieSanders,BernieSanders,0.0
BernieSanders,LasVegasDSA,0.0
LasVegasDSA,muntel,0.0
LasVegasDSA,VP,0.0
LasVegasDSA,POTUS,0.0
LasVegasDSA,AOC,0.0
LasVegasDSA,BernieSanders,0.0
BernieSanders,muntel,0.0
muntel,VP,0.0
muntel,POTUS,0.0
muntel,AOC,0.0
muntel,BernieSanders,0.0
BernieSanders,VP,0.0
VP,POTUS,0.0
VP,AOC,0.0
VP,BernieSanders,0.0
BernieSanders,POTUS,0.0
POTUS,AOC,0.0
POTUS,BernieSanders,0.0
BernieSanders,AOC,0.0
AOC,BernieSanders,0.0
BernieSanders,BernieSanders,0.0
BernieSanders,BernieSanders,0.0
BernieSanders,BernieSanders,0.0
BernieSanders,BernieSanders,0.0
BernieSanders,BernieSanders,0.0
BernieSanders,BernieSanders,0.0
BernieSanders,BernieSanders,0.0
BernieSanders,BernieSanders,0.0
BernieSanders,BernieSanders,0.0
BernieSanders,ZionistColonist,0.0
ZionistColonist,Michael__Baskin,0.0
ZionistColonist,gagne_laurent,0.0
ZionistColonist,Rochell16552885,0.0
ZionistColonist,hyderjoseph1,0.0
ZionistColonist,P3ng1z,0.0
ZionistColonist,stscholasticas,0.0
BernieSanders,Michael__Baskin,0.0
Michael__Baskin,gagne_laurent,0.0
Michael__Baskin,Rochell16552885,0.0
Michael__Baskin,hyderjoseph1,0.0
Michael__Baskin,P3ng1z,0.0
Michael__Baskin,stscholasticas,0.0
BernieSanders,gagne_laurent,0.0
gagne_laurent,Rochell16552885,0.0
gagne_laurent,hyderjoseph1,0.0
gagne_laurent,P3ng1z,0.0
gagne_laurent,stscholasticas,0.0
BernieSanders,Rochell16552885,0.0
Rochell16552885,hyderjoseph1,0.0
Rochell16552885,P3ng1z,0.0
Rochell16552885,stscholasticas,0.0
BernieSanders,hyderjoseph1,0.0
hyderjoseph1,P3ng1z,0.0
hyderjoseph1,stscholasticas,0.0
BernieSanders,P3ng1z,0.0
P3ng1z,stscholasticas,0.0
BernieSanders,stscholasticas,0.0
BernieSanders,NavPersaud,1.0986122886681098
NavPersaud,BernieSanders,1.0986122886681098
NavPersaud,SenatorCollins,1.0986122886681098
BernieSanders,BernieSanders,1.0986122886681098
BernieSanders,SenatorCollins,1.0986122886681098
BernieSanders,SenatorCollins,1.0986122886681098
BernieSanders,BernieSanders,0.0
BernieSanders,BernieSanders,0.0
BernieSanders,BAmazonUnion,2.1972245773362196
BAmazonUnion,BernieSanders,2.1972245773362196
BernieSanders,BernieSanders,2.1972245773362196
BernieSanders,LaurenKGurley,4.204692619390966
LaurenKGurley,BernieSanders,4.204692619390966
LaurenKGurley,BAmazonUnion,4.204692619390966
BernieSanders,BernieSanders,4.204692619390966
BernieSanders,BAmazonUnion,4.204692619390966
BernieSanders,BAmazonUnion,4.204692619390966
BernieSanders,LaurenKGurley,4.204692619390966
LaurenKGurley,BernieSanders,4.204692619390966
LaurenKGurley,BAmazonUnion,4.204692619390966
BernieSanders,BernieSanders,4.204692619390966
BernieSanders,BAmazonUnion,4.204692619390966
BernieSanders,BAmazonUnion,4.204692619390966
BernieSanders,ZionistColonist,0.0
ZionistColonist,Leylakhalid22,0.0
ZionistColonist,Michael__Baskin,0.0
ZionistColonist,gagne_laurent,0.0
ZionistColonist,Rochell16552885,0.0
ZionistColonist,hyderjoseph1,0.0
ZionistColonist,P3ng1z,0.0
BernieSanders,Leylakhalid22,0.0
Leylakhalid22,Michael__Baskin,0.0
Leylakhalid22,gagne_laurent,0.0
Leylakhalid22,Rochell16552885,0.0
Leylakhalid22,hyderjoseph1,0.0
Leylakhalid22,P3ng1z,0.0
BernieSanders,Michael__Baskin,0.0
Michael__Baskin,gagne_laurent,0.0
Michael__Baskin,Rochell16552885,0.0
Michael__Baskin,hyderjoseph1,0.0
Michael__Baskin,P3ng1z,0.0
BernieSanders,gagne_laurent,0.0
gagne_laurent,Rochell16552885,0.0
gagne_laurent,hyderjoseph1,0.0
gagne_laurent,P3ng1z,0.0
BernieSanders,Rochell16552885,0.0
Rochell16552885,hyderjoseph1,0.0
Rochell16552885,P3ng1z,0.0
BernieSanders,hyderjoseph1,0.0
hyderjoseph1,P3ng1z,0.0
BernieSanders,P3ng1z,0.0
BernieSanders,yeselson,0.0
yeselson,BernieSanders,0.0
BernieSanders,BernieSanders,0.0
BernieSanders,CoriBush,7.089243155027514
BernieSanders,BAmazonUnion,2.1972245773362196
BAmazonUnion,BernieSanders,2.1972245773362196
BernieSanders,BernieSanders,2.1972245773362196
BernieSanders,BernieSanders,0.0
BernieSanders,BernieSanders,0.0
BernieSanders,LaurenKGurley,0.0
LaurenKGurley,BernieSanders,0.0
LaurenKGurley,BAmazonUnion,0.0
LaurenKGurley,VP,0.0
BernieSanders,BernieSanders,0.0
BernieSanders,BAmazonUnion,0.0
BernieSanders,VP,0.0
BernieSanders,BAmazonUnion,0.0
BAmazonUnion,VP,0.0
BernieSanders,VP,0.0
BernieSanders,OurRevolution,2.772588722239781
BernieSanders,BernieSanders,0.0
BernieSanders,onefairwage,0.0
BernieSanders,onefairwage,0.0
BernieSanders,aid_smx,0.0
aid_smx,pierce,0.0
aid_smx,BernieSanders,0.0
BernieSanders,pierce,0.0
pierce,BernieSanders,0.0
BernieSanders,BernieSanders,0.0
BernieSanders,LaurenKGurley,4.204692619390966
LaurenKGurley,BernieSanders,4.204692619390966
LaurenKGurley,BAmazonUnion,4.204692619390966
BernieSanders,BernieSanders,4.204692619390966
BernieSanders,BAmazonUnion,4.204692619390966
BernieSanders,BAmazonUnion,4.204692619390966
BernieSanders,scobie,0.0
scobie,BetterUp,0.0
scobie,KensingtonRoyal,0.0
BernieSanders,BetterUp,0.0
BetterUp,KensingtonRoyal,0.0
BernieSanders,KensingtonRoyal,0.0
BernieSanders,BAmazonUnion,2.1972245773362196
BAmazonUnion,BernieSanders,2.1972245773362196
BernieSanders,BernieSanders,2.1972245773362196
BernieSanders,CoriBush,0.0
CoriBush,BernieSanders,0.0
BernieSanders,BernieSanders,0.0
BernieSanders,RowCro,0.0
RowCro,POTUS,0.0
RowCro,SecBecerra,0.0
RowCro,BernieSanders,0.0
BernieSanders,POTUS,0.0
POTUS,SecBecerra,0.0
POTUS,BernieSanders,0.0
BernieSanders,SecBecerra,0.0
SecBecerra,BernieSanders,0.0
BernieSanders,BernieSanders,0.0
BernieSanders,GaryGrumbach,2.833213344056216
GaryGrumbach,BernieSanders,2.833213344056216
GaryGrumbach,amazon,2.833213344056216
BernieSanders,BernieSanders,2.833213344056216
BernieSanders,amazon,2.833213344056216
BernieSanders,amazon,2.833213344056216
BernieSanders,LaurenKGurley,4.204692619390966
LaurenKGurley,BernieSanders,4.204692619390966
LaurenKGurley,BAmazonUnion,4.204692619390966
BernieSanders,BernieSanders,4.204692619390966
BernieSanders,BAmazonUnion,4.204692619390966
BernieSanders,BAmazonUnion,4.204692619390966
BernieSanders,LaurenKGurley,4.204692619390966
LaurenKGurley,BernieSanders,4.204692619390966
LaurenKGurley,BAmazonUnion,4.204692619390966
BernieSanders,BernieSanders,4.204692619390966
BernieSanders,BAmazonUnion,4.204692619390966
BernieSanders,BAmazonUnion,4.204692619390966
BernieSanders,LaurenKGurley,4.204692619390966
LaurenKGurley,BernieSanders,4.204692619390966
LaurenKGurley,BAmazonUnion,4.204692619390966
BernieSanders,BernieSanders,4.204692619390966
BernieSanders,BAmazonUnion,4.204692619390966
BernieSanders,BAmazonUnion,4.204692619390966
BernieSanders,BAmazonUnion,2.1972245773362196
BAmazonUnion,BernieSanders,2.1972245773362196
BernieSanders,BernieSanders,2.1972245773362196
BernieSanders,LaurenKGurley,4.204692619390966
LaurenKGurley,BernieSanders,4.204692619390966
LaurenKGurley,BAmazonUnion,4.204692619390966
BernieSanders,BernieSanders,4.204692619390966
BernieSanders,BAmazonUnion,4.204692619390966
BernieSanders,BAmazonUnion,4.204692619390966
BernieSanders,BernieSanders,0.0
BernieSanders,ninaturner,0.0
BernieSanders,KillerMike,0.0
BernieSanders,ninaturner,0.0
ninaturner,KillerMike,0.0
BernieSanders,KillerMike,0.0
BernieSanders,BernieSanders,0.0
BernieSanders,LaurenKGurley,0.0
LaurenKGurley,BernieSanders,0.0
LaurenKGurley,BAmazonUnion,0.0
LaurenKGurley,FLOTUS,0.0
BernieSanders,BernieSanders,0.0
BernieSanders,BAmazonUnion,0.0
BernieSanders,FLOTUS,0.0
BernieSanders,BAmazonUnion,0.0
BAmazonUnion,FLOTUS,0.0
BernieSanders,FLOTUS,0.0
BernieSanders,LaurenKGurley,4.204692619390966
LaurenKGurley,BernieSanders,4.204692619390966
LaurenKGurley,BAmazonUnion,4.204692619390966
BernieSanders,BernieSanders,4.204692619390966
BernieSanders,BAmazonUnion,4.204692619390966
BernieSanders,BAmazonUnion,4.204692619390966
BernieSanders,LaurenKGurley,4.204692619390966
LaurenKGurley,BernieSanders,4.204692619390966
LaurenKGurley,BAmazonUnion,4.204692619390966
BernieSanders,BernieSanders,4.204692619390966
BernieSanders,BAmazonUnion,4.204692619390966
BernieSanders,BAmazonUnion,4.204692619390966
BernieSanders,LaurenKGurley,4.204692619390966
LaurenKGurley,BernieSanders,4.204692619390966
LaurenKGurley,BAmazonUnion,4.204692619390966
BernieSanders,BernieSanders,4.204692619390966
BernieSanders,BAmazonUnion,4.204692619390966
BernieSanders,BAmazonUnion,4.204692619390966
BernieSanders,BernieSanders,0.0
BernieSanders,BAmazonUnion,2.1972245773362196
BAmazonUnion,BernieSanders,2.1972245773362196
BernieSanders,BernieSanders,2.1972245773362196
BernieSanders,moatsad71,0.0
moatsad71,LaurenKGurley,0.0
moatsad71,M4ACalifornia,0.0
moatsad71,BernieSanders,0.0
moatsad71,BAmazonUnion,0.0
BernieSanders,LaurenKGurley,0.0
LaurenKGurley,M4ACalifornia,0.0
LaurenKGurley,BernieSanders,0.0
LaurenKGurley,BAmazonUnion,0.0
BernieSanders,M4ACalifornia,0.0
M4ACalifornia,BernieSanders,0.0
M4ACalifornia,BAmazonUnion,0.0
BernieSanders,BernieSanders,0.0
BernieSanders,BAmazonUnion,0.0
BernieSanders,BAmazonUnion,0.0
BernieSanders,LaurenKGurley,4.204692619390966
LaurenKGurley,BernieSanders,4.204692619390966
LaurenKGurley,BAmazonUnion,4.204692619390966
BernieSanders,BernieSanders,4.204692619390966
BernieSanders,BAmazonUnion,4.204692619390966
BernieSanders,BAmazonUnion,4.204692619390966
BernieSanders,BAmazonUnion,2.1972245773362196
BAmazonUnion,BernieSanders,2.1972245773362196
BernieSanders,BernieSanders,2.1972245773362196
BernieSanders,BernieSanders,2.1972245773362196
BernieSanders,CoriBush,7.089243155027514
BernieSanders,LaurenKGurley,4.204692619390966
LaurenKGurley,BernieSanders,4.204692619390966
LaurenKGurley,BAmazonUnion,4.204692619390966
BernieSanders,BernieSanders,4.204692619390966
BernieSanders,BAmazonUnion,4.204692619390966
BernieSanders,BAmazonUnion,4.204692619390966
BernieSanders,BernieSanders,0.0
BernieSanders,ewarren,0.0
BernieSanders,ewarren,0.0
BernieSanders,ryanobles,4.290459441148391
ryanobles,BernieSanders,4.290459441148391
BernieSanders,BernieSanders,4.290459441148391
BernieSanders,ProudSocialist,5.8377304471659395
ProudSocialist,BernieSanders,5.8377304471659395
BernieSanders,BernieSanders,5.8377304471659395
BernieSanders,LaurenKGurley,4.204692619390966
LaurenKGurley,BernieSanders,4.204692619390966
LaurenKGurley,BAmazonUnion,4.204692619390966
BernieSanders,BernieSanders,4.204692619390966
BernieSanders,BAmazonUnion,4.204692619390966
BernieSanders,BAmazonUnion,4.204692619390966
BernieSanders,Dale01000803,0.6931471805599453
Dale01000803,POTUS,0.6931471805599453
Dale01000803,AOC,0.6931471805599453
Dale01000803,SenWarren,0.6931471805599453
Dale01000803,SecYellen,0.6931471805599453
Dale01000803,Jim_Jordan,0.6931471805599453
Dale01000803,SenTedCruz,0.6931471805599453
BernieSanders,POTUS,0.6931471805599453
POTUS,AOC,0.6931471805599453
POTUS,SenWarren,0.6931471805599453
POTUS,SecYellen,0.6931471805599453
POTUS,Jim_Jordan,0.6931471805599453
POTUS,SenTedCruz,0.6931471805599453
BernieSanders,AOC,0.6931471805599453
AOC,SenWarren,0.6931471805599453
AOC,SecYellen,0.6931471805599453
AOC,Jim_Jordan,0.6931471805599453
AOC,SenTedCruz,0.6931471805599453
BernieSanders,SenWarren,0.6931471805599453
SenWarren,SecYellen,0.6931471805599453
SenWarren,Jim_Jordan,0.6931471805599453
SenWarren,SenTedCruz,0.6931471805599453
BernieSanders,SecYellen,0.6931471805599453
SecYellen,Jim_Jordan,0.6931471805599453
SecYellen,SenTedCruz,0.6931471805599453
BernieSanders,Jim_Jordan,0.6931471805599453
Jim_Jordan,SenTedCruz,0.6931471805599453
BernieSanders,SenTedCruz,0.6931471805599453
BernieSanders,Breaking911,0.0
Breaking911,BernieSanders,0.0
BernieSanders,BernieSanders,0.0
BernieSanders,LaurenKGurley,4.204692619390966
LaurenKGurley,BernieSanders,4.204692619390966
LaurenKGurley,BAmazonUnion,4.204692619390966
BernieSanders,BernieSanders,4.204692619390966
BernieSanders,BAmazonUnion,4.204692619390966
BernieSanders,BAmazonUnion,4.204692619390966
BernieSanders,yeselson,0.6931471805599453
yeselson,BernieSanders,0.6931471805599453
BernieSanders,BernieSanders,0.6931471805599453
BernieSanders,fitzgep1961,0.0
fitzgep1961,msveefh,0.0
fitzgep1961,navvet96,0.0
fitzgep1961,BernieSanders,0.0
fitzgep1961,msveefh,0.0
BernieSanders,msveefh,0.0
msveefh,navvet96,0.0
msveefh,BernieSanders,0.0
msveefh,msveefh,0.0
BernieSanders,navvet96,0.0
navvet96,BernieSanders,0.0
navvet96,msveefh,0.0
BernieSanders,BernieSanders,0.0
BernieSanders,msveefh,0.0
BernieSanders,msveefh,0.0
BernieSanders,BernieSanders,0.0
BernieSanders,ggreenwald,6.340359303727752
ggreenwald,BernieSanders,6.340359303727752
BernieSanders,BernieSanders,6.340359303727752
BernieSanders,yeselson,0.0
yeselson,BernieSanders,0.0
BernieSanders,BernieSanders,0.0
BernieSanders,ryanobles,4.290459441148391
ryanobles,BernieSanders,4.290459441148391
BernieSanders,BernieSanders,4.290459441148391
BernieSanders,chenweihua,4.465908118654584
chenweihua,BernieSanders,4.465908118654584
BernieSanders,BernieSanders,4.465908118654584
BernieSanders,KennethMelvin17,2.833213344056216
KennethMelvin17,BernieSanders,2.833213344056216
BernieSanders,BernieSanders,2.833213344056216
BernieSanders,OurRevolution,2.772588722239781
BernieSanders,scottsantens,5.6240175061873385
scottsantens,BernieSanders,5.6240175061873385
BernieSanders,BernieSanders,5.6240175061873385
BernieSanders,leclerc_alex,5.746203190540153
leclerc_alex,BernieSanders,5.746203190540153
BernieSanders,BernieSanders,5.746203190540153
BernieSanders,JordanChariton,4.7535901911063645
JordanChariton,BernieSanders,4.7535901911063645
BernieSanders,BernieSanders,4.7535901911063645
BernieSanders,skrambldeggz78,0.0
skrambldeggz78,CoriBush,0.0
skrambldeggz78,BernieSanders,0.0
BernieSanders,CoriBush,0.0
CoriBush,BernieSanders,0.0
BernieSanders,BernieSanders,0.0
BernieSanders,politico,0.0
politico,BarackObama,0.0
politico,SenSchumer,0.0
politico,RepAdamSchiff,0.0
politico,JoeBiden,0.0
politico,PeteButtigieg,0.0
BernieSanders,BarackObama,0.0
BarackObama,SenSchumer,0.0
BarackObama,RepAdamSchiff,0.0
BarackObama,JoeBiden,0.0
BarackObama,PeteButtigieg,0.0
BernieSanders,SenSchumer,0.0
SenSchumer,RepAdamSchiff,0.0
SenSchumer,JoeBiden,0.0
SenSchumer,PeteButtigieg,0.0
BernieSanders,RepAdamSchiff,0.0
RepAdamSchiff,JoeBiden,0.0
RepAdamSchiff,PeteButtigieg,0.0
BernieSanders,JoeBiden,0.0
JoeBiden,PeteButtigieg,0.0
BernieSanders,PeteButtigieg,0.0
BernieSanders,NavPersaud,1.0986122886681098
NavPersaud,BernieSanders,1.0986122886681098
NavPersaud,SenatorCollins,1.0986122886681098
BernieSanders,BernieSanders,1.0986122886681098
BernieSanders,SenatorCollins,1.0986122886681098
BernieSanders,SenatorCollins,1.0986122886681098
BernieSanders,CoriBush,0.0
CoriBush,BernieSanders,0.0
BernieSanders,BernieSanders,0.0
BernieSanders,kmyxdo,0.0
kmyxdo,BernieSanders,0.0
BernieSanders,BernieSanders,0.0
BernieSanders,DandiaAsad,2.833213344056216
BernieSanders,BernieSanders,1.0986122886681098
BernieSanders,SenatorCollins,1.0986122886681098
BernieSanders,SenatorCollins,1.0986122886681098
BernieSanders,ProudSocialist,5.8377304471659395
ProudSocialist,BernieSanders,5.8377304471659395
BernieSanders,BernieSanders,5.8377304471659395
BernieSanders,LaurenKGurley,4.204692619390966
LaurenKGurley,BernieSanders,4.204692619390966
LaurenKGurley,BAmazonUnion,4.204692619390966
BernieSanders,BernieSanders,4.204692619390966
BernieSanders,BAmazonUnion,4.204692619390966
BernieSanders,BAmazonUnion,4.204692619390966
BernieSanders,JoeBiden,0.0
JoeBiden,ewarren,0.0
JoeBiden,BernieSanders,0.0
BernieSanders,ewarren,0.0
ewarren,BernieSanders,0.0
BernieSanders,BernieSanders,0.0
BernieSanders,CoriBush,7.089243155027514
BernieSanders,LaurenKGurley,4.204692619390966
LaurenKGurley,BernieSanders,4.204692619390966
LaurenKGurley,BAmazonUnion,4.204692619390966
BernieSanders,BernieSanders,4.204692619390966
BernieSanders,BAmazonUnion,4.204692619390966
BernieSanders,BAmazonUnion,4.204692619390966
BernieSanders,LaurenKGurley,4.204692619390966
LaurenKGurley,BernieSanders,4.204692619390966
LaurenKGurley,BAmazonUnion,4.204692619390966
BernieSanders,BernieSanders,4.204692619390966
BernieSanders,BAmazonUnion,4.204692619390966
BernieSanders,BAmazonUnion,4.204692619390966
BernieSanders,LaurenKGurley,4.204692619390966
LaurenKGurley,BernieSanders,4.204692619390966
LaurenKGurley,BAmazonUnion,4.204692619390966
BernieSanders,BernieSanders,4.204692619390966
BernieSanders,BAmazonUnion,4.204692619390966
BernieSanders,BAmazonUnion,4.204692619390966
BernieSanders,LaurenKGurley,4.204692619390966
LaurenKGurley,BernieSanders,4.204692619390966
LaurenKGurley,BAmazonUnion,4.204692619390966
BernieSanders,BernieSanders,4.204692619390966
BernieSanders,BAmazonUnion,4.204692619390966
BernieSanders,BAmazonUnion,4.204692619390966
BernieSanders,ryanobles,4.290459441148391
ryanobles,BernieSanders,4.290459441148391
BernieSanders,BernieSanders,4.290459441148391
BernieSanders,CoriBush,7.089243155027514
BernieSanders,CoriBush,7.089243155027514
BernieSanders,CoriBush,0.0
CoriBush,BernieSanders,0.0
BernieSanders,BernieSanders,0.0
BernieSanders,LaurenKGurley,4.204692619390966
LaurenKGurley,BernieSanders,4.204692619390966
LaurenKGurley,BAmazonUnion,4.204692619390966
BernieSanders,BernieSanders,4.204692619390966
BernieSanders,BAmazonUnion,4.204692619390966
BernieSanders,BAmazonUnion,4.204692619390966
BernieSanders,LaurenKGurley,4.204692619390966
LaurenKGurley,BernieSanders,4.204692619390966
LaurenKGurley,BAmazonUnion,4.204692619390966
BernieSanders,BernieSanders,4.204692619390966
BernieSanders,BAmazonUnion,4.204692619390966
BernieSanders,BAmazonUnion,4.204692619390966
BernieSanders,HerecomesDrBob,0.0
HerecomesDrBob,BernieSanders,0.0
BernieSanders,BernieSanders,0.0
BernieSanders,CoriBush,7.089243155027514
BernieSanders,RedBeretsM4All,1.0986122886681098
RedBeretsM4All,nick_brana,1.0986122886681098
RedBeretsM4All,BernieSanders,1.0986122886681098
RedBeretsM4All,nick_brana,1.0986122886681098
BernieSanders,nick_brana,1.0986122886681098
nick_brana,BernieSanders,1.0986122886681098
nick_brana,nick_brana,1.0986122886681098
BernieSanders,BernieSanders,1.0986122886681098
BernieSanders,nick_brana,1.0986122886681098
BernieSanders,nick_brana,1.0986122886681098
BernieSanders,CoriBush,7.089243155027514
BernieSanders,LaurenKGurley,4.204692619390966
LaurenKGurley,BernieSanders,4.204692619390966
LaurenKGurley,BAmazonUnion,4.204692619390966
BernieSanders,BernieSanders,4.204692619390966
BernieSanders,BAmazonUnion,4.204692619390966
BernieSanders,BAmazonUnion,4.204692619390966
BernieSanders,CoriBush,7.089243155027514
BernieSanders,aid_smx,0.0
aid_smx,pierce,0.0
aid_smx,BernieSanders,0.0
BernieSanders,pierce,0.0
pierce,BernieSanders,0.0
BernieSanders,BernieSanders,0.0
BernieSanders,nick_brana,3.4657359027997265
nick_brana,BernieSanders,3.4657359027997265
BernieSanders,BernieSanders,3.4657359027997265
BernieSanders,banditelli,0.0
banditelli,pierce,0.0
banditelli,BernieSanders,0.0
BernieSanders,pierce,0.0
pierce,BernieSanders,0.0
BernieSanders,BernieSanders,0.0
BernieSanders,BernieSanders,0.0
BernieSanders,BernieSanders,0.0
BernieSanders,ryanobles,4.290459441148391
ryanobles,BernieSanders,4.290459441148391
BernieSanders,BernieSanders,4.290459441148391
BernieSanders,Amata0882,4.51085950651685
Amata0882,BernieSanders,4.51085950651685
Amata0882,jamessmurray,4.51085950651685
Amata0882,danicamckellar,4.51085950651685
BernieSanders,BernieSanders,4.51085950651685
BernieSanders,jamessmurray,4.51085950651685
BernieSanders,danicamckellar,4.51085950651685
BernieSanders,jamessmurray,4.51085950651685
jamessmurray,danicamckellar,4.51085950651685
BernieSanders,danicamckellar,4.51085950651685
BernieSanders,aid_smx,0.0
aid_smx,pierce,0.0
aid_smx,BernieSanders,0.0
BernieSanders,pierce,0.0
pierce,BernieSanders,0.0
BernieSanders,BernieSanders,0.0
BernieSanders,banditelli,0.0
banditelli,pierce,0.0
banditelli,BernieSanders,0.0
BernieSanders,pierce,0.0
pierce,BernieSanders,0.0
BernieSanders,BernieSanders,0.0
BernieSanders,dcexaminer,3.2188758248682006
dcexaminer,BernieSanders,3.2188758248682006
BernieSanders,BernieSanders,3.2188758248682006
BernieSanders,OurRevolution,2.772588722239781
BernieSanders,joelpollak,4.02535169073515
joelpollak,BernieSanders,4.02535169073515
BernieSanders,BernieSanders,4.02535169073515
BernieSanders,ryanobles,4.290459441148391
ryanobles,BernieSanders,4.290459441148391
BernieSanders,BernieSanders,4.290459441148391
BernieSanders,RoyalIncel,1.0986122886681098
BernieSanders,CoriBush,0.0
CoriBush,BernieSanders,0.0
BernieSanders,BernieSanders,0.0
BernieSanders,ryanobles,4.290459441148391
ryanobles,BernieSanders,4.290459441148391
BernieSanders,BernieSanders,4.290459441148391
BernieSanders,ProudSocialist,5.8377304471659395
ProudSocialist,BernieSanders,5.8377304471659395
BernieSanders,BernieSanders,5.8377304471659395
BernieSanders,ryanobles,0.0
ryanobles,fshakir,0.0
ryanobles,BernieSanders,0.0
ryanobles,dmedin11,0.0
ryanobles,ryangrim,0.0
BernieSanders,fshakir,0.0
fshakir,BernieSanders,0.0
fshakir,dmedin11,0.0
fshakir,ryangrim,0.0
BernieSanders,BernieSanders,0.0
BernieSanders,dmedin11,0.0
BernieSanders,ryangrim,0.0
BernieSanders,dmedin11,0.0
dmedin11,ryangrim,0.0
BernieSanders,ryangrim,0.0
BernieSanders,yeselson,0.0
yeselson,BernieSanders,0.0
BernieSanders,BernieSanders,0.0
BernieSanders,CoriBush,0.0
CoriBush,BernieSanders,0.0
BernieSanders,BernieSanders,0.0
BernieSanders,Suzie33506746,0.0
Suzie33506746,Dale01000803,0.0
Suzie33506746,BernieSanders,0.0
BernieSanders,Dale01000803,0.0
Dale01000803,BernieSanders,0.0
BernieSanders,BernieSanders,0.0
BernieSanders,CoriBush,7.089243155027514
BernieSanders,BernieSanders,0.0
BernieSanders,AOC,0.0
AOC,BernieSanders,0.0
AOC,katieporteroc,0.0
AOC,ossoff,0.0
BernieSanders,BernieSanders,0.0
BernieSanders,katieporteroc,0.0
BernieSanders,ossoff,0.0
BernieSanders,katieporteroc,0.0
katieporteroc,ossoff,0.0
BernieSanders,ossoff,0.0
BernieSanders,CoriBush,7.089243155027514
BernieSanders,LaurenKGurley,4.204692619390966
LaurenKGurley,BernieSanders,4.204692619390966
LaurenKGurley,BAmazonUnion,4.204692619390966
BernieSanders,BernieSanders,4.204692619390966
BernieSanders,BAmazonUnion,4.204692619390966
BernieSanders,BAmazonUnion,4.204692619390966
BernieSanders,ryanobles,4.290459441148391
ryanobles,BernieSanders,4.290459441148391
BernieSanders,BernieSanders,4.290459441148391
BernieSanders,BernieSanders,0.0
BernieSanders,SFSWR1,1.3862943611198906
SFSWR1,USProgressives,1.3862943611198906
SFSWR1,BernieSanders,1.3862943611198906
SFSWR1,SenWarren,1.3862943611198906
SFSWR1,RepRoKhanna,1.3862943611198906
SFSWR1,RepAOC,1.3862943611198906
BernieSanders,USProgressives,1.3862943611198906
USProgressives,BernieSanders,1.3862943611198906
USProgressives,SenWarren,1.3862943611198906
USProgressives,RepRoKhanna,1.3862943611198906
USProgressives,RepAOC,1.3862943611198906
BernieSanders,BernieSanders,1.3862943611198906
BernieSanders,SenWarren,1.3862943611198906
BernieSanders,RepRoKhanna,1.3862943611198906
BernieSanders,RepAOC,1.3862943611198906
BernieSanders,SenWarren,1.3862943611198906
SenWarren,RepRoKhanna,1.3862943611198906
SenWarren,RepAOC,1.3862943611198906
BernieSanders,RepRoKhanna,1.3862943611198906
RepRoKhanna,RepAOC,1.3862943611198906
BernieSanders,RepAOC,1.3862943611198906
BernieSanders,Breaking911,0.0
Breaking911,BernieSanders,0.0
BernieSanders,BernieSanders,0.0
BernieSanders,miles4nothing,0.0
miles4nothing,BernieSanders,0.0
BernieSanders,BernieSanders,0.0
BernieSanders,BernieSanders,0.0
BernieSanders,pierce,0.0
pierce,BernieSanders,0.0
BernieSanders,BernieSanders,0.0
BernieSanders,LaurenKGurley,4.204692619390966
LaurenKGurley,BernieSanders,4.204692619390966
LaurenKGurley,BAmazonUnion,4.204692619390966
BernieSanders,BernieSanders,4.204692619390966
BernieSanders,BAmazonUnion,4.204692619390966
BernieSanders,BAmazonUnion,4.204692619390966
BernieSanders,GaryGrumbach,2.833213344056216
GaryGrumbach,BernieSanders,2.833213344056216
GaryGrumbach,amazon,2.833213344056216
BernieSanders,BernieSanders,2.833213344056216
BernieSanders,amazon,2.833213344056216
BernieSanders,amazon,2.833213344056216
BernieSanders,LaurenKGurley,4.204692619390966
LaurenKGurley,BernieSanders,4.204692619390966
LaurenKGurley,BAmazonUnion,4.204692619390966
BernieSanders,BernieSanders,4.204692619390966
BernieSanders,BAmazonUnion,4.204692619390966
BernieSanders,BAmazonUnion,4.204692619390966
BernieSanders,nick_brana,0.0
nick_brana,BernieSanders,0.0
BernieSanders,BernieSanders,0.0
BernieSanders,RedBeretsM4All,1.0986122886681098
RedBeretsM4All,nick_brana,1.0986122886681098
RedBeretsM4All,BernieSanders,1.0986122886681098
RedBeretsM4All,nick_brana,1.0986122886681098
BernieSanders,nick_brana,1.0986122886681098
nick_brana,BernieSanders,1.0986122886681098
nick_brana,nick_brana,1.0986122886681098
BernieSanders,BernieSanders,1.0986122886681098
BernieSanders,nick_brana,1.0986122886681098
BernieSanders,nick_brana,1.0986122886681098
BernieSanders,ryanobles,4.290459441148391
ryanobles,BernieSanders,4.290459441148391
BernieSanders,BernieSanders,4.290459441148391
BernieSanders,Nityalakshmi,0.6931471805599453
Nityalakshmi,BernieSanders,0.6931471805599453
BernieSanders,BernieSanders,0.6931471805599453
BernieSanders,MorningsMaria,3.5263605246161616
MorningsMaria,AngelaLMorabito,3.5263605246161616
MorningsMaria,BernieSanders,3.5263605246161616
BernieSanders,AngelaLMorabito,3.5263605246161616
AngelaLMorabito,BernieSanders,3.5263605246161616
BernieSanders,BernieSanders,3.5263605246161616
BernieSanders,zerocrossing,0.0
zerocrossing,BernieSanders,0.0
zerocrossing,onefairwage,0.0
BernieSanders,BernieSanders,0.0
BernieSanders,onefairwage,0.0
BernieSanders,onefairwage,0.0
BernieSanders,CoriBush,7.089243155027514
BernieSanders,ryanobles,4.290459441148391
ryanobles,BernieSanders,4.290459441148391
BernieSanders,BernieSanders,4.290459441148391
BernieSanders,LaurenKGurley,4.204692619390966
LaurenKGurley,BernieSanders,4.204692619390966
LaurenKGurley,BAmazonUnion,4.204692619390966
BernieSanders,BernieSanders,4.204692619390966
BernieSanders,BAmazonUnion,4.204692619390966
BernieSanders,BAmazonUnion,4.204692619390966
BernieSanders,ryanobles,4.290459441148391
ryanobles,BernieSanders,4.290459441148391
BernieSanders,BernieSanders,4.290459441148391
BernieSanders,ryanobles,4.290459441148391
ryanobles,BernieSanders,4.290459441148391
BernieSanders,BernieSanders,4.290459441148391
BernieSanders,POTUS,0.0
POTUS,SecBecerra,0.0
POTUS,BernieSanders,0.0
BernieSanders,SecBecerra,0.0
SecBecerra,BernieSanders,0.0
BernieSanders,BernieSanders,0.0
BernieSanders,BruceBourgoine,0.0
BruceBourgoine,BernieSanders,0.0
BernieSanders,BernieSanders,0.0
BernieSanders,nick_brana,3.4657359027997265
nick_brana,BernieSanders,3.4657359027997265
BernieSanders,BernieSanders,3.4657359027997265
BernieSanders,ryanobles,0.0
ryanobles,Leftists4Office,0.0
ryanobles,CNN,0.0
ryanobles,BernieSanders,0.0
BernieSanders,Leftists4Office,0.0
Leftists4Office,CNN,0.0
Leftists4Office,BernieSanders,0.0
BernieSanders,CNN,0.0
CNN,BernieSanders,0.0
BernieSanders,BernieSanders,0.0
BernieSanders,JustTheNews,0.0
JustTheNews,BernieSanders,0.0
JustTheNews,Twitter,0.0
BernieSanders,BernieSanders,0.0
BernieSanders,Twitter,0.0
BernieSanders,Twitter,0.0
BernieSanders,CoriBush,7.089243155027514
BernieSanders,BernieSanders,0.0
BernieSanders,fromjoetoyou,0.0
fromjoetoyou,BernieSanders,0.0
fromjoetoyou,TulsiGabbard,0.0
BernieSanders,BernieSanders,0.0
BernieSanders,TulsiGabbard,0.0
BernieSanders,TulsiGabbard,0.0
BernieSanders,bainsmac,0.0
bainsmac,BernieSanders,0.0
BernieSanders,BernieSanders,0.0
BernieSanders,DonaldW52970622,0.0
DonaldW52970622,BernieSanders,0.0
BernieSanders,BernieSanders,0.0
BernieSanders,SenSchumer,0.0
SenSchumer,amyklobuchar,0.0
SenSchumer,ossoff,0.0
SenSchumer,SenWarren,0.0
SenSchumer,BernieSanders,0.0
SenSchumer,staceyabrams,0.0
SenSchumer,ReverendWarnock,0.0
BernieSanders,amyklobuchar,0.0
amyklobuchar,ossoff,0.0
amyklobuchar,SenWarren,0.0
amyklobuchar,BernieSanders,0.0
amyklobuchar,staceyabrams,0.0
amyklobuchar,ReverendWarnock,0.0
BernieSanders,ossoff,0.0
ossoff,SenWarren,0.0
ossoff,BernieSanders,0.0
ossoff,staceyabrams,0.0
ossoff,ReverendWarnock,0.0
BernieSanders,SenWarren,0.0
SenWarren,BernieSanders,0.0
SenWarren,staceyabrams,0.0
SenWarren,ReverendWarnock,0.0
BernieSanders,BernieSanders,0.0
BernieSanders,staceyabrams,0.0
BernieSanders,ReverendWarnock,0.0
BernieSanders,staceyabrams,0.0
staceyabrams,ReverendWarnock,0.0
BernieSanders,ReverendWarnock,0.0
BernieSanders,WhiteHouse,0.0
WhiteHouse,BernieSanders,0.0
BernieSanders,BernieSanders,0.0
BernieSanders,BernieSanders,0.0
BernieSanders,LaurenKGurley,4.204692619390966
LaurenKGurley,BernieSanders,4.204692619390966
LaurenKGurley,BAmazonUnion,4.204692619390966
BernieSanders,BernieSanders,4.204692619390966
BernieSanders,BAmazonUnion,4.204692619390966
BernieSanders,BAmazonUnion,4.204692619390966
BernieSanders,NoahBookbinder,0.0
NoahBookbinder,CREWcrew,0.0
BernieSanders,CREWcrew,0.0
BernieSanders,BernieSanders,0.0
BernieSanders,AliKaung,1.6094379124341003
AliKaung,BernieSanders,1.6094379124341003
BernieSanders,BernieSanders,1.6094379124341003
BernieSanders,CoriBush,7.089243155027514
BernieSanders,HowieHawkins,0.0
HowieHawkins,themariefonseca,0.0
HowieHawkins,SenSanders,0.0
HowieHawkins,BernieSanders,0.0
BernieSanders,themariefonseca,0.0
themariefonseca,SenSanders,0.0
themariefonseca,BernieSanders,0.0
BernieSanders,SenSanders,0.0
SenSanders,BernieSanders,0.0
BernieSanders,BernieSanders,0.0
BernieSanders,CoriBush,7.089243155027514
BernieSanders,LaurenKGurley,4.204692619390966
LaurenKGurley,BernieSanders,4.204692619390966
LaurenKGurley,BAmazonUnion,4.204692619390966
BernieSanders,BernieSanders,4.204692619390966
BernieSanders,BAmazonUnion,4.204692619390966
BernieSanders,BAmazonUnion,4.204692619390966
BernieSanders,yeselson,0.0
yeselson,BernieSanders,0.0
BernieSanders,BernieSanders,0.0
BernieSanders,PaulSorrentino3,0.0
PaulSorrentino3,ninaturner,0.0
PaulSorrentino3,BernieSanders,0.0
BernieSanders,ninaturner,0.0
ninaturner,BernieSanders,0.0
BernieSanders,BernieSanders,0.0
BernieSanders,BernieSanders,0.0
BernieSanders,GaryGrumbach,2.833213344056216
GaryGrumbach,BernieSanders,2.833213344056216
GaryGrumbach,amazon,2.833213344056216
BernieSanders,BernieSanders,2.833213344056216
BernieSanders,amazon,2.833213344056216
BernieSanders,amazon,2.833213344056216
BernieSanders,AGHBennett,2.70805020110221
BernieSanders,BernieSanders,0.0
BernieSanders,tylerperry,0.0
tylerperry,BernieSanders,0.0
BernieSanders,BernieSanders,0.0
BernieSanders,ProudSocialist,0.0
ProudSocialist,BernieSanders,0.0
ProudSocialist,BarackObama,0.0
ProudSocialist,HillaryClinton,0.0
ProudSocialist,JoeBiden,0.0
BernieSanders,BernieSanders,0.0
BernieSanders,BarackObama,0.0
BernieSanders,HillaryClinton,0.0
BernieSanders,JoeBiden,0.0
BernieSanders,BarackObama,0.0
BarackObama,HillaryClinton,0.0
BarackObama,JoeBiden,0.0
BernieSanders,HillaryClinton,0.0
HillaryClinton,JoeBiden,0.0
BernieSanders,JoeBiden,0.0
BernieSanders,CoriBush,7.089243155027514
BernieSanders,NotCaseyWebb,0.0
NotCaseyWebb,DylanJCarty,0.0
NotCaseyWebb,tdmahaf,0.0
NotCaseyWebb,leclerc_alex,0.0
NotCaseyWebb,BernieSanders,0.0
BernieSanders,DylanJCarty,0.0
DylanJCarty,tdmahaf,0.0
DylanJCarty,leclerc_alex,0.0
DylanJCarty,BernieSanders,0.0
BernieSanders,tdmahaf,0.0
tdmahaf,leclerc_alex,0.0
tdmahaf,BernieSanders,0.0
BernieSanders,leclerc_alex,0.0
leclerc_alex,BernieSanders,0.0
BernieSanders,BernieSanders,0.0
BernieSanders,BernieSanders,0.0
BernieSanders,RGeary20,1.791759469228055
RGeary20,ryanobles,1.791759469228055
RGeary20,maggieNYT,1.791759469228055
RGeary20,CNN,1.791759469228055
RGeary20,BernieSanders,1.791759469228055
BernieSanders,ryanobles,1.791759469228055
ryanobles,maggieNYT,1.791759469228055
ryanobles,CNN,1.791759469228055
ryanobles,BernieSanders,1.791759469228055
BernieSanders,maggieNYT,1.791759469228055
maggieNYT,CNN,1.791759469228055
maggieNYT,BernieSanders,1.791759469228055
BernieSanders,CNN,1.791759469228055
CNN,BernieSanders,1.791759469228055
BernieSanders,BernieSanders,1.791759469228055
BernieSanders,BernieSanders,0.0
BernieSanders,ozgurzeren,0.0
ozgurzeren,ggreenwald,0.0
ozgurzeren,BernieSanders,0.0
BernieSanders,ggreenwald,0.0
ggreenwald,BernieSanders,0.0
BernieSanders,BernieSanders,0.0
BernieSanders,BepDelta,3.828641396489095
BernieSanders,BernieSanders,0.0
BernieSanders,NotCaseyWebb,0.0
NotCaseyWebb,DylanJCarty,0.0
NotCaseyWebb,tdmahaf,0.0
NotCaseyWebb,leclerc_alex,0.0
NotCaseyWebb,BernieSanders,0.0
BernieSanders,DylanJCarty,0.0
DylanJCarty,tdmahaf,0.0
DylanJCarty,leclerc_alex,0.0
DylanJCarty,BernieSanders,0.0
BernieSanders,tdmahaf,0.0
tdmahaf,leclerc_alex,0.0
tdmahaf,BernieSanders,0.0
BernieSanders,leclerc_alex,0.0
leclerc_alex,BernieSanders,0.0
BernieSanders,BernieSanders,0.0
BernieSanders,yeselson,0.0
yeselson,BernieSanders,0.0
BernieSanders,BernieSanders,0.0
BernieSanders,Facebook,0.0
Facebook,FTC,0.0
Facebook,EU_Commission,0.0
Facebook,JoeBiden,0.0
Facebook,TeamPelosi,0.0
Facebook,chuckschumer,0.0
BernieSanders,FTC,0.0
FTC,EU_Commission,0.0
FTC,JoeBiden,0.0
FTC,TeamPelosi,0.0
FTC,chuckschumer,0.0
BernieSanders,EU_Commission,0.0
EU_Commission,JoeBiden,0.0
EU_Commission,TeamPelosi,0.0
EU_Commission,chuckschumer,0.0
BernieSanders,JoeBiden,0.0
JoeBiden,TeamPelosi,0.0
JoeBiden,chuckschumer,0.0
BernieSanders,TeamPelosi,0.0
TeamPelosi,chuckschumer,0.0
BernieSanders,chuckschumer,0.0
BernieSanders,GaryGrumbach,2.833213344056216
GaryGrumbach,BernieSanders,2.833213344056216
GaryGrumbach,amazon,2.833213344056216
BernieSanders,BernieSanders,2.833213344056216
BernieSanders,amazon,2.833213344056216
BernieSanders,amazon,2.833213344056216
BernieSanders,joelpollak,4.02535169073515
joelpollak,BernieSanders,4.02535169073515
BernieSanders,BernieSanders,4.02535169073515
BernieSanders,BernieSanders,0.6931471805599453
BernieSanders,LaurenKGurley,4.204692619390966
LaurenKGurley,BernieSanders,4.204692619390966
LaurenKGurley,BAmazonUnion,4.204692619390966
BernieSanders,BernieSanders,4.204692619390966
BernieSanders,BAmazonUnion,4.204692619390966
BernieSanders,BAmazonUnion,4.204692619390966
BernieSanders,nick_brana,3.4657359027997265
nick_brana,BernieSanders,3.4657359027997265
BernieSanders,BernieSanders,3.4657359027997265
BernieSanders,BernieSanders,0.0
BernieSanders,ryanobles,4.290459441148391
ryanobles,BernieSanders,4.290459441148391
BernieSanders,BernieSanders,4.290459441148391
BernieSanders,fromjoetoyou,0.0
fromjoetoyou,BernieSanders,0.0
fromjoetoyou,TulsiGabbard,0.0
BernieSanders,BernieSanders,0.0
BernieSanders,TulsiGabbard,0.0
BernieSanders,TulsiGabbard,0.0
BernieSanders,BernieSanders,0.0
BernieSanders,onefairwage,0.0
BernieSanders,onefairwage,0.0
BernieSanders,BernieSanders,0.0
BernieSanders,onefairwage,0.0
BernieSanders,onefairwage,0.0
BernieSanders,ryanobles,4.290459441148391
ryanobles,BernieSanders,4.290459441148391
BernieSanders,BernieSanders,4.290459441148391
BernieSanders,GaryGrumbach,2.833213344056216
GaryGrumbach,BernieSanders,2.833213344056216
GaryGrumbach,amazon,2.833213344056216
BernieSanders,BernieSanders,2.833213344056216
BernieSanders,amazon,2.833213344056216
BernieSanders,amazon,2.833213344056216
BernieSanders,StateDept,0.0
StateDept,CIA,0.0
StateDept,KamalaHarris,0.0
StateDept,USArmy,0.0
StateDept,WhiteHouse,0.0
StateDept,FBI,0.0
StateDept,SenBobCasey,0.0
StateDept,Jkylebass,0.0
StateDept,BarackObama,0.0
StateDept,BernieSanders,0.0
BernieSanders,CIA,0.0
CIA,KamalaHarris,0.0
CIA,USArmy,0.0
CIA,WhiteHouse,0.0
CIA,FBI,0.0
CIA,SenBobCasey,0.0
CIA,Jkylebass,0.0
CIA,BarackObama,0.0
CIA,BernieSanders,0.0
BernieSanders,KamalaHarris,0.0
KamalaHarris,USArmy,0.0
KamalaHarris,WhiteHouse,0.0
KamalaHarris,FBI,0.0
KamalaHarris,SenBobCasey,0.0
KamalaHarris,Jkylebass,0.0
KamalaHarris,BarackObama,0.0
KamalaHarris,BernieSanders,0.0
BernieSanders,USArmy,0.0
USArmy,WhiteHouse,0.0
USArmy,FBI,0.0
USArmy,SenBobCasey,0.0
USArmy,Jkylebass,0.0
USArmy,BarackObama,0.0
USArmy,BernieSanders,0.0
BernieSanders,WhiteHouse,0.0
WhiteHouse,FBI,0.0
WhiteHouse,SenBobCasey,0.0
WhiteHouse,Jkylebass,0.0
WhiteHouse,BarackObama,0.0
WhiteHouse,BernieSanders,0.0
BernieSanders,FBI,0.0
FBI,SenBobCasey,0.0
FBI,Jkylebass,0.0
FBI,BarackObama,0.0
FBI,BernieSanders,0.0
BernieSanders,SenBobCasey,0.0
SenBobCasey,Jkylebass,0.0
SenBobCasey,BarackObama,0.0
SenBobCasey,BernieSanders,0.0
BernieSanders,Jkylebass,0.0
Jkylebass,BarackObama,0.0
Jkylebass,BernieSanders,0.0
BernieSanders,BarackObama,0.0
BarackObama,BernieSanders,0.0
BernieSanders,BernieSanders,0.0
BernieSanders,BernieSanders,0.0
BernieSanders,BernieSanders,0.0
BernieSanders,TRUCKINGdotORG,0.0
TRUCKINGdotORG,HouseDemocrats,0.0
TRUCKINGdotORG,SenateDems,0.0
TRUCKINGdotORG,SenateFloor,0.0
BernieSanders,HouseDemocrats,0.0
HouseDemocrats,SenateDems,0.0
HouseDemocrats,SenateFloor,0.0
BernieSanders,SenateDems,0.0
SenateDems,SenateFloor,0.0
BernieSanders,SenateFloor,0.0
BernieSanders,ogdenbirch,0.0
ogdenbirch,JoshuaDenJames,0.0
ogdenbirch,mbhnyc,0.0
ogdenbirch,GerberKawasaki,0.0
ogdenbirch,BernieSanders,0.0
BernieSanders,JoshuaDenJames,0.0
JoshuaDenJames,mbhnyc,0.0
JoshuaDenJames,GerberKawasaki,0.0
JoshuaDenJames,BernieSanders,0.0
BernieSanders,mbhnyc,0.0
mbhnyc,GerberKawasaki,0.0
mbhnyc,BernieSanders,0.0
BernieSanders,GerberKawasaki,0.0
GerberKawasaki,BernieSanders,0.0
BernieSanders,BernieSanders,0.0
BernieSanders,BernieSanders,0.0
BernieSanders,elonmusk,0.0
BernieSanders,elonmusk,0.0
BernieSanders,LaurenKGurley,4.204692619390966
LaurenKGurley,BernieSanders,4.204692619390966
LaurenKGurley,BAmazonUnion,4.204692619390966
BernieSanders,BernieSanders,4.204692619390966
BernieSanders,BAmazonUnion,4.204692619390966
BernieSanders,BAmazonUnion,4.204692619390966
BernieSanders,GaryGrumbach,2.833213344056216
GaryGrumbach,BernieSanders,2.833213344056216
GaryGrumbach,amazon,2.833213344056216
BernieSanders,BernieSanders,2.833213344056216
BernieSanders,amazon,2.833213344056216
BernieSanders,amazon,2.833213344056216
BernieSanders,nick_brana,3.4657359027997265
nick_brana,BernieSanders,3.4657359027997265
BernieSanders,BernieSanders,3.4657359027997265
BernieSanders,GaryGrumbach,0.0
GaryGrumbach,fshakir,0.0
GaryGrumbach,BernieSanders,0.0
GaryGrumbach,amazon,0.0
BernieSanders,fshakir,0.0
fshakir,BernieSanders,0.0
fshakir,amazon,0.0
BernieSanders,BernieSanders,0.0
BernieSanders,amazon,0.0
BernieSanders,amazon,0.0
BernieSanders,GaryGrumbach,2.833213344056216
GaryGrumbach,BernieSanders,2.833213344056216
GaryGrumbach,amazon,2.833213344056216
BernieSanders,BernieSanders,2.833213344056216
BernieSanders,amazon,2.833213344056216
BernieSanders,amazon,2.833213344056216
BernieSanders,ggreenwald,0.0
ggreenwald,BernieSanders,0.0
BernieSanders,BernieSanders,0.0
BernieSanders,LaurenKGurley,0.0
LaurenKGurley,M4ACalifornia,0.0
LaurenKGurley,BernieSanders,0.0
LaurenKGurley,BAmazonUnion,0.0
BernieSanders,M4ACalifornia,0.0
M4ACalifornia,BernieSanders,0.0
M4ACalifornia,BAmazonUnion,0.0
BernieSanders,BernieSanders,0.0
BernieSanders,BAmazonUnion,0.0
BernieSanders,BAmazonUnion,0.0
BernieSanders,ryanobles,4.290459441148391
ryanobles,BernieSanders,4.290459441148391
BernieSanders,BernieSanders,4.290459441148391
BernieSanders,ryanobles,4.290459441148391
ryanobles,BernieSanders,4.290459441148391
BernieSanders,BernieSanders,4.290459441148391
BernieSanders,ryanobles,4.290459441148391
ryanobles,BernieSanders,4.290459441148391
BernieSanders,BernieSanders,4.290459441148391
BernieSanders,GaryGrumbach,2.833213344056216
GaryGrumbach,BernieSanders,2.833213344056216
GaryGrumbach,amazon,2.833213344056216
BernieSanders,BernieSanders,2.833213344056216
BernieSanders,amazon,2.833213344056216
BernieSanders,amazon,2.833213344056216
BernieSanders,JoeBiden,0.0
JoeBiden,AOC,0.0
JoeBiden,SpeakerPelosi,0.0
JoeBiden,SenSchumer,0.0
JoeBiden,jz_lito,0.0
JoeBiden,jz_lito,0.0
JoeBiden,NYCMayor,0.0
JoeBiden,BernieSanders,0.0
BernieSanders,AOC,0.0
AOC,SpeakerPelosi,0.0
AOC,SenSchumer,0.0
AOC,jz_lito,0.0
AOC,jz_lito,0.0
AOC,NYCMayor,0.0
AOC,BernieSanders,0.0
BernieSanders,SpeakerPelosi,0.0
SpeakerPelosi,SenSchumer,0.0
SpeakerPelosi,jz_lito,0.0
SpeakerPelosi,jz_lito,0.0
SpeakerPelosi,NYCMayor,0.0
SpeakerPelosi,BernieSanders,0.0
BernieSanders,SenSchumer,0.0
SenSchumer,jz_lito,0.0
SenSchumer,jz_lito,0.0
SenSchumer,NYCMayor,0.0
SenSchumer,BernieSanders,0.0
BernieSanders,jz_lito,0.0
jz_lito,jz_lito,0.0
jz_lito,NYCMayor,0.0
jz_lito,BernieSanders,0.0
BernieSanders,jz_lito,0.0
jz_lito,NYCMayor,0.0
jz_lito,BernieSanders,0.0
BernieSanders,NYCMayor,0.0
NYCMayor,BernieSanders,0.0
BernieSanders,BernieSanders,0.0
BernieSanders,ryanobles,4.290459441148391
ryanobles,BernieSanders,4.290459441148391
BernieSanders,BernieSanders,4.290459441148391
BernieSanders,JordanChariton,0.0
JordanChariton,BernieSanders,0.0
BernieSanders,BernieSanders,0.0
BernieSanders,ProudSocialist,5.8377304471659395
ProudSocialist,BernieSanders,5.8377304471659395
BernieSanders,BernieSanders,5.8377304471659395
BernieSanders,ryanobles,4.290459441148391
ryanobles,BernieSanders,4.290459441148391
BernieSanders,BernieSanders,4.290459441148391
BernieSanders,CNN,0.0
BernieSanders,LaurenKGurley,4.204692619390966
LaurenKGurley,BernieSanders,4.204692619390966
LaurenKGurley,BAmazonUnion,4.204692619390966
BernieSanders,BernieSanders,4.204692619390966
BernieSanders,BAmazonUnion,4.204692619390966
BernieSanders,BAmazonUnion,4.204692619390966
BernieSanders,ryanobles,4.290459441148391
ryanobles,BernieSanders,4.290459441148391
BernieSanders,BernieSanders,4.290459441148391
BernieSanders,ryanobles,4.290459441148391
ryanobles,BernieSanders,4.290459441148391
BernieSanders,BernieSanders,4.290459441148391
BernieSanders,CoriBush,7.089243155027514
BernieSanders,nick_brana,1.0986122886681098
nick_brana,BernieSanders,1.0986122886681098
nick_brana,nick_brana,1.0986122886681098
BernieSanders,BernieSanders,1.0986122886681098
BernieSanders,nick_brana,1.0986122886681098
BernieSanders,nick_brana,1.0986122886681098
BernieSanders,dcexaminer,3.2188758248682006
dcexaminer,BernieSanders,3.2188758248682006
BernieSanders,BernieSanders,3.2188758248682006
BernieSanders,dmedin11,0.0
dmedin11,BernieSanders,0.0
BernieSanders,BernieSanders,0.0
BernieSanders,ryanobles,4.290459441148391
ryanobles,BernieSanders,4.290459441148391
BernieSanders,BernieSanders,4.290459441148391
BernieSanders,GaryGrumbach,2.833213344056216
GaryGrumbach,BernieSanders,2.833213344056216
GaryGrumbach,amazon,2.833213344056216
BernieSanders,BernieSanders,2.833213344056216
BernieSanders,amazon,2.833213344056216
BernieSanders,amazon,2.833213344056216
BernieSanders,CoriBush,7.089243155027514
BernieSanders,ryanobles,4.290459441148391
ryanobles,BernieSanders,4.290459441148391
BernieSanders,BernieSanders,4.290459441148391
BernieSanders,ryanobles,4.290459441148391
ryanobles,BernieSanders,4.290459441148391
BernieSanders,BernieSanders,4.290459441148391
BernieSanders,BernieSanders,0.0
BernieSanders,LaurenKGurley,4.204692619390966
LaurenKGurley,BernieSanders,4.204692619390966
LaurenKGurley,BAmazonUnion,4.204692619390966
BernieSanders,BernieSanders,4.204692619390966
BernieSanders,BAmazonUnion,4.204692619390966
BernieSanders,BAmazonUnion,4.204692619390966
BernieSanders,Suzie33506746,1.0986122886681098
Suzie33506746,BernieSanders,1.0986122886681098
BernieSanders,BernieSanders,1.0986122886681098
BernieSanders,CoriBush,7.089243155027514
BernieSanders,Kessler05342367,0.0
Kessler05342367,BernieSanders,0.0
BernieSanders,BernieSanders,0.0
BernieSanders,nytopinion,0.0
nytopinion,BernieSanders,0.0
nytopinion,ezraklein,0.0
nytopinion,BernieSanders,0.0
nytopinion,ezraklein,0.0
BernieSanders,BernieSanders,0.0
BernieSanders,ezraklein,0.0
BernieSanders,BernieSanders,0.0
BernieSanders,ezraklein,0.0
BernieSanders,ezraklein,0.0
ezraklein,BernieSanders,0.0
ezraklein,ezraklein,0.0
BernieSanders,BernieSanders,0.0
BernieSanders,ezraklein,0.0
BernieSanders,ezraklein,0.0
BernieSanders,joelpollak,4.02535169073515
joelpollak,BernieSanders,4.02535169073515
BernieSanders,BernieSanders,4.02535169073515
BernieSanders,LaurenKGurley,4.204692619390966
LaurenKGurley,BernieSanders,4.204692619390966
LaurenKGurley,BAmazonUnion,4.204692619390966
BernieSanders,BernieSanders,4.204692619390966
BernieSanders,BAmazonUnion,4.204692619390966
BernieSanders,BAmazonUnion,4.204692619390966
BernieSanders,BruceBourgoine,0.0
BruceBourgoine,BernieSanders,0.0
BernieSanders,BernieSanders,0.0
BernieSanders,nick_brana,3.4657359027997265
nick_brana,BernieSanders,3.4657359027997265
BernieSanders,BernieSanders,3.4657359027997265
BernieSanders,POTUS,0.0
POTUS,AmbassadorTai,0.0
POTUS,JoeBiden,0.0
POTUS,BernieSanders,0.0
POTUS,RepMattGaetz,0.0
BernieSanders,AmbassadorTai,0.0
AmbassadorTai,JoeBiden,0.0
AmbassadorTai,BernieSanders,0.0
AmbassadorTai,RepMattGaetz,0.0
BernieSanders,JoeBiden,0.0
JoeBiden,BernieSanders,0.0
JoeBiden,RepMattGaetz,0.0
BernieSanders,BernieSanders,0.0
BernieSanders,RepMattGaetz,0.0
BernieSanders,RepMattGaetz,0.0
BernieSanders,CoriBush,7.089243155027514
BernieSanders,6Tiph,0.0
6Tiph,AJDelgado13,0.0
6Tiph,scottsantens,0.0
6Tiph,BernieSanders,0.0
BernieSanders,AJDelgado13,0.0
AJDelgado13,scottsantens,0.0
AJDelgado13,BernieSanders,0.0
BernieSanders,scottsantens,0.0
scottsantens,BernieSanders,0.0
BernieSanders,BernieSanders,0.0
BernieSanders,LaurenKGurley,4.204692619390966
LaurenKGurley,BernieSanders,4.204692619390966
LaurenKGurley,BAmazonUnion,4.204692619390966
BernieSanders,BernieSanders,4.204692619390966
BernieSanders,BAmazonUnion,4.204692619390966
BernieSanders,BAmazonUnion,4.204692619390966
BernieSanders,mehdirhasan,0.0
mehdirhasan,MehdiHasanShow,0.0
BernieSanders,MehdiHasanShow,0.0
BernieSanders,nick_brana,0.0
nick_brana,RedBeretsM4All,0.0
nick_brana,BernieSanders,0.0
BernieSanders,RedBeretsM4All,0.0
RedBeretsM4All,BernieSanders,0.0
BernieSanders,BernieSanders,0.0
BernieSanders,Power2EndureOrg,2.5649493574615367
Power2EndureOrg,YouTube,2.5649493574615367
BernieSanders,YouTube,2.5649493574615367
BernieSanders,ulryfam5,1.6094379124341003
ulryfam5,YouTube,1.6094379124341003
ulryfam5,SenSchumer,1.6094379124341003
ulryfam5,SpeakerPelosi,1.6094379124341003
BernieSanders,YouTube,1.6094379124341003
YouTube,SenSchumer,1.6094379124341003
YouTube,SpeakerPelosi,1.6094379124341003
BernieSanders,SenSchumer,1.6094379124341003
SenSchumer,SpeakerPelosi,1.6094379124341003
BernieSanders,SpeakerPelosi,1.6094379124341003
BernieSanders,LaurenKGurley,4.204692619390966
LaurenKGurley,BernieSanders,4.204692619390966
LaurenKGurley,BAmazonUnion,4.204692619390966
BernieSanders,BernieSanders,4.204692619390966
BernieSanders,BAmazonUnion,4.204692619390966
BernieSanders,BAmazonUnion,4.204692619390966
BernieSanders,ulryfam5,2.0794415416798357
ulryfam5,YouTube,2.0794415416798357
ulryfam5,SenateSmallBiz,2.0794415416798357
BernieSanders,YouTube,2.0794415416798357
YouTube,SenateSmallBiz,2.0794415416798357
BernieSanders,SenateSmallBiz,2.0794415416798357
BernieSanders,nick_brana,3.4657359027997265
nick_brana,BernieSanders,3.4657359027997265
BernieSanders,BernieSanders,3.4657359027997265
BernieSanders,BernieSanders,0.0
BernieSanders,BernieSanders,0.0
BernieSanders,holdengraber,0.0
holdengraber,BernieSanders,0.0
holdengraber,CornelWest,0.0
holdengraber,DavidCornDC,0.0
holdengraber,ninaturner,0.0
holdengraber,ProgIntl,0.0
holdengraber,Lawrence,0.0
holdengraber,PeterAtlantic,0.0
holdengraber,kthalps,0.0
BernieSanders,BernieSanders,0.0
BernieSanders,CornelWest,0.0
BernieSanders,DavidCornDC,0.0
BernieSanders,ninaturner,0.0
BernieSanders,ProgIntl,0.0
BernieSanders,Lawrence,0.0
BernieSanders,PeterAtlantic,0.0
BernieSanders,kthalps,0.0
BernieSanders,CornelWest,0.0
CornelWest,DavidCornDC,0.0
CornelWest,ninaturner,0.0
CornelWest,ProgIntl,0.0
CornelWest,Lawrence,0.0
CornelWest,PeterAtlantic,0.0
CornelWest,kthalps,0.0
BernieSanders,DavidCornDC,0.0
DavidCornDC,ninaturner,0.0
DavidCornDC,ProgIntl,0.0
DavidCornDC,Lawrence,0.0
DavidCornDC,PeterAtlantic,0.0
DavidCornDC,kthalps,0.0
BernieSanders,ninaturner,0.0
ninaturner,ProgIntl,0.0
ninaturner,Lawrence,0.0
ninaturner,PeterAtlantic,0.0
ninaturner,kthalps,0.0
BernieSanders,ProgIntl,0.0
ProgIntl,Lawrence,0.0
ProgIntl,PeterAtlantic,0.0
ProgIntl,kthalps,0.0
BernieSanders,Lawrence,0.0
Lawrence,PeterAtlantic,0.0
Lawrence,kthalps,0.0
BernieSanders,PeterAtlantic,0.0
PeterAtlantic,kthalps,0.0
BernieSanders,kthalps,0.0
BernieSanders,fabfashionista8,2.1972245773362196
fabfashionista8,PostOpinions,2.1972245773362196
fabfashionista8,OVargas52,2.1972245773362196
fabfashionista8,evoespueblo,2.1972245773362196
fabfashionista8,ceprdc,2.1972245773362196
fabfashionista8,camilapress,2.1972245773362196
fabfashionista8,OVargas52,2.1972245773362196
fabfashionista8,washingtonpost,2.1972245773362196
BernieSanders,PostOpinions,2.1972245773362196
PostOpinions,OVargas52,2.1972245773362196
PostOpinions,evoespueblo,2.1972245773362196
PostOpinions,ceprdc,2.1972245773362196
PostOpinions,camilapress,2.1972245773362196
PostOpinions,OVargas52,2.1972245773362196
PostOpinions,washingtonpost,2.1972245773362196
BernieSanders,OVargas52,2.1972245773362196
OVargas52,evoespueblo,2.1972245773362196
OVargas52,ceprdc,2.1972245773362196
OVargas52,camilapress,2.1972245773362196
OVargas52,OVargas52,2.1972245773362196
OVargas52,washingtonpost,2.1972245773362196
BernieSanders,evoespueblo,2.1972245773362196
evoespueblo,ceprdc,2.1972245773362196
evoespueblo,camilapress,2.1972245773362196
evoespueblo,OVargas52,2.1972245773362196
evoespueblo,washingtonpost,2.1972245773362196
BernieSanders,ceprdc,2.1972245773362196
ceprdc,camilapress,2.1972245773362196
ceprdc,OVargas52,2.1972245773362196
ceprdc,washingtonpost,2.1972245773362196
BernieSanders,camilapress,2.1972245773362196
camilapress,OVargas52,2.1972245773362196
camilapress,washingtonpost,2.1972245773362196
BernieSanders,OVargas52,2.1972245773362196
OVargas52,washingtonpost,2.1972245773362196
BernieSanders,washingtonpost,2.1972245773362196
BernieSanders,OurRevolution,2.772588722239781
BernieSanders,dmedin11,2.6390573296152584
dmedin11,BernieSanders,2.6390573296152584
dmedin11,BAmazonUnion,2.6390573296152584
BernieSanders,BernieSanders,2.6390573296152584
BernieSanders,BAmazonUnion,2.6390573296152584
BernieSanders,BAmazonUnion,2.6390573296152584
BernieSanders,CoriBush,7.089243155027514
BernieSanders,ProudSocialist,0.0
ProudSocialist,FoeckeKeith,0.0
ProudSocialist,BernieSanders,0.0
ProudSocialist,BarackObama,0.0
ProudSocialist,HillaryClinton,0.0
ProudSocialist,JoeBiden,0.0
BernieSanders,FoeckeKeith,0.0
FoeckeKeith,BernieSanders,0.0
FoeckeKeith,BarackObama,0.0
FoeckeKeith,HillaryClinton,0.0
FoeckeKeith,JoeBiden,0.0
BernieSanders,BernieSanders,0.0
BernieSanders,BarackObama,0.0
BernieSanders,HillaryClinton,0.0
BernieSanders,JoeBiden,0.0
BernieSanders,BarackObama,0.0
BarackObama,HillaryClinton,0.0
BarackObama,JoeBiden,0.0
BernieSanders,HillaryClinton,0.0
HillaryClinton,JoeBiden,0.0
BernieSanders,JoeBiden,0.0
BernieSanders,LaurenKGurley,4.204692619390966
LaurenKGurley,BernieSanders,4.204692619390966
LaurenKGurley,BAmazonUnion,4.204692619390966
BernieSanders,BernieSanders,4.204692619390966
BernieSanders,BAmazonUnion,4.204692619390966
BernieSanders,BAmazonUnion,4.204692619390966
BernieSanders,DoingTheMost002,0.0
DoingTheMost002,danielmarans,0.0
DoingTheMost002,BernieSanders,0.0
DoingTheMost002,ezraklein,0.0
BernieSanders,danielmarans,0.0
danielmarans,BernieSanders,0.0
danielmarans,ezraklein,0.0
BernieSanders,BernieSanders,0.0
BernieSanders,ezraklein,0.0
BernieSanders,ezraklein,0.0
BernieSanders,shaunking,0.0
shaunking,dmedin11,0.0
shaunking,BernieSanders,0.0
shaunking,BAmazonUnion,0.0
BernieSanders,dmedin11,0.0
dmedin11,BernieSanders,0.0
dmedin11,BAmazonUnion,0.0
BernieSanders,BernieSanders,0.0
BernieSanders,BAmazonUnion,0.0
BernieSanders,BAmazonUnion,0.0
BernieSanders,BernieSanders,6.93537044601511
BernieSanders,cs9030,0.0
cs9030,Fleacatt,0.0
cs9030,danielmarans,0.0
cs9030,BernieSanders,0.0
cs9030,ezraklein,0.0
BernieSanders,Fleacatt,0.0
Fleacatt,danielmarans,0.0
Fleacatt,BernieSanders,0.0
Fleacatt,ezraklein,0.0
BernieSanders,danielmarans,0.0
danielmarans,BernieSanders,0.0
danielmarans,ezraklein,0.0
BernieSanders,BernieSanders,0.0
BernieSanders,ezraklein,0.0
BernieSanders,ezraklein,0.0
BernieSanders,LaurenKGurley,4.204692619390966
LaurenKGurley,BernieSanders,4.204692619390966
LaurenKGurley,BAmazonUnion,4.204692619390966
BernieSanders,BernieSanders,4.204692619390966
BernieSanders,BAmazonUnion,4.204692619390966
BernieSanders,BAmazonUnion,4.204692619390966
BernieSanders,fpanklukas,2.8903717578961645
fpanklukas,BernieSanders,2.8903717578961645
BernieSanders,BernieSanders,2.8903717578961645
BernieSanders,ryanobles,4.290459441148391
ryanobles,BernieSanders,4.290459441148391
BernieSanders,BernieSanders,4.290459441148391
BernieSanders,BernieSanders,0.0
BernieSanders,SenTedCruz,0.0
BernieSanders,POTUS,0.0
BernieSanders,JohnCornyn,0.0
BernieSanders,AOC,0.0
BernieSanders,SenTedCruz,0.0
SenTedCruz,POTUS,0.0
SenTedCruz,JohnCornyn,0.0
SenTedCruz,AOC,0.0
BernieSanders,POTUS,0.0
POTUS,JohnCornyn,0.0
POTUS,AOC,0.0
BernieSanders,JohnCornyn,0.0
JohnCornyn,AOC,0.0
BernieSanders,AOC,0.0
BernieSanders,ProudSocialist,5.8377304471659395
ProudSocialist,BernieSanders,5.8377304471659395
BernieSanders,BernieSanders,5.8377304471659395
BernieSanders,POTUS,0.0
POTUS,CoryBooker,0.0
POTUS,JoeBiden,0.0
POTUS,SocialSecurity,0.0
POTUS,IRSnews,0.0
POTUS,BernieSanders,0.0
POTUS,AOC,0.0
BernieSanders,CoryBooker,0.0
CoryBooker,JoeBiden,0.0
CoryBooker,SocialSecurity,0.0
CoryBooker,IRSnews,0.0
CoryBooker,BernieSanders,0.0
CoryBooker,AOC,0.0
BernieSanders,JoeBiden,0.0
JoeBiden,SocialSecurity,0.0
JoeBiden,IRSnews,0.0
JoeBiden,BernieSanders,0.0
JoeBiden,AOC,0.0
BernieSanders,SocialSecurity,0.0
SocialSecurity,IRSnews,0.0
SocialSecurity,BernieSanders,0.0
SocialSecurity,AOC,0.0
BernieSanders,IRSnews,0.0
IRSnews,BernieSanders,0.0
IRSnews,AOC,0.0
BernieSanders,BernieSanders,0.0
BernieSanders,AOC,0.0
BernieSanders,AOC,0.0
BernieSanders,CoriBush,7.089243155027514
BernieSanders,OurRevolution,2.772588722239781
BernieSanders,CoriBush,7.089243155027514
BernieSanders,fabfashionista8,2.1972245773362196
fabfashionista8,PostOpinions,2.1972245773362196
fabfashionista8,OVargas52,2.1972245773362196
fabfashionista8,evoespueblo,2.1972245773362196
fabfashionista8,ceprdc,2.1972245773362196
fabfashionista8,camilapress,2.1972245773362196
fabfashionista8,OVargas52,2.1972245773362196
fabfashionista8,washingtonpost,2.1972245773362196
BernieSanders,PostOpinions,2.1972245773362196
PostOpinions,OVargas52,2.1972245773362196
PostOpinions,evoespueblo,2.1972245773362196
PostOpinions,ceprdc,2.1972245773362196
PostOpinions,camilapress,2.1972245773362196
PostOpinions,OVargas52,2.1972245773362196
PostOpinions,washingtonpost,2.1972245773362196
BernieSanders,OVargas52,2.1972245773362196
OVargas52,evoespueblo,2.1972245773362196
OVargas52,ceprdc,2.1972245773362196
OVargas52,camilapress,2.1972245773362196
OVargas52,OVargas52,2.1972245773362196
OVargas52,washingtonpost,2.1972245773362196
BernieSanders,evoespueblo,2.1972245773362196
evoespueblo,ceprdc,2.1972245773362196
evoespueblo,camilapress,2.1972245773362196
evoespueblo,OVargas52,2.1972245773362196
evoespueblo,washingtonpost,2.1972245773362196
BernieSanders,ceprdc,2.1972245773362196
ceprdc,camilapress,2.1972245773362196
ceprdc,OVargas52,2.1972245773362196
ceprdc,washingtonpost,2.1972245773362196
BernieSanders,camilapress,2.1972245773362196
camilapress,OVargas52,2.1972245773362196
camilapress,washingtonpost,2.1972245773362196
BernieSanders,OVargas52,2.1972245773362196
OVargas52,washingtonpost,2.1972245773362196
BernieSanders,washingtonpost,2.1972245773362196
BernieSanders,BernieSanders,0.0
BernieSanders,GavinNewsom,0.0
BernieSanders,GavinNewsom,0.0
BernieSanders,LaurenKGurley,4.204692619390966
LaurenKGurley,BernieSanders,4.204692619390966
LaurenKGurley,BAmazonUnion,4.204692619390966
BernieSanders,BernieSanders,4.204692619390966
BernieSanders,BAmazonUnion,4.204692619390966
BernieSanders,BAmazonUnion,4.204692619390966
BernieSanders,TheBlueBirdSuc2,0.0
TheBlueBirdSuc2,DruidicM,0.0
TheBlueBirdSuc2,BernieSanders,0.0
BernieSanders,DruidicM,0.0
DruidicM,BernieSanders,0.0
BernieSanders,BernieSanders,0.0
BernieSanders,J_J_Rangel94,0.0
J_J_Rangel94,BernieSanders,0.0
BernieSanders,BernieSanders,0.0
BernieSanders,BernieSanders,0.0
BernieSanders,ProudSocialist,5.8377304471659395
ProudSocialist,BernieSanders,5.8377304471659395
BernieSanders,BernieSanders,5.8377304471659395
BernieSanders,BernieSanders,0.0
BernieSanders,OurRevolution,2.772588722239781
BernieSanders,LaurenKGurley,4.204692619390966
LaurenKGurley,BernieSanders,4.204692619390966
LaurenKGurley,BAmazonUnion,4.204692619390966
BernieSanders,BernieSanders,4.204692619390966
BernieSanders,BAmazonUnion,4.204692619390966
BernieSanders,BAmazonUnion,4.204692619390966
BernieSanders,BernieSanders,0.0
BernieSanders,BernieSanders,0.0
BernieSanders,ryanobles,4.290459441148391
ryanobles,BernieSanders,4.290459441148391
BernieSanders,BernieSanders,4.290459441148391
BernieSanders,WhoseNotes,0.6931471805599453
WhoseNotes,JoyceWhiteVance,0.6931471805599453
BernieSanders,JoyceWhiteVance,0.6931471805599453
BernieSanders,joncoopertweets,0.0
joncoopertweets,bannerite,0.0
joncoopertweets,SenSchumer,0.0
joncoopertweets,SenateDems,0.0
joncoopertweets,CoryBooker,0.0
joncoopertweets,amyklobuchar,0.0
joncoopertweets,ChrisMurphyCT,0.0
BernieSanders,bannerite,0.0
bannerite,SenSchumer,0.0
bannerite,SenateDems,0.0
bannerite,CoryBooker,0.0
bannerite,amyklobuchar,0.0
bannerite,ChrisMurphyCT,0.0
BernieSanders,SenSchumer,0.0
SenSchumer,SenateDems,0.0
SenSchumer,CoryBooker,0.0
SenSchumer,amyklobuchar,0.0
SenSchumer,ChrisMurphyCT,0.0
BernieSanders,SenateDems,0.0
SenateDems,CoryBooker,0.0
SenateDems,amyklobuchar,0.0
SenateDems,ChrisMurphyCT,0.0
BernieSanders,CoryBooker,0.0
CoryBooker,amyklobuchar,0.0
CoryBooker,ChrisMurphyCT,0.0
BernieSanders,amyklobuchar,0.0
amyklobuchar,ChrisMurphyCT,0.0
BernieSanders,ChrisMurphyCT,0.0
BernieSanders,joelpollak,4.02535169073515
joelpollak,BernieSanders,4.02535169073515
BernieSanders,BernieSanders,4.02535169073515
BernieSanders,BowlinInc,0.6931471805599453
BernieSanders,ProudSocialist,5.8377304471659395
ProudSocialist,BernieSanders,5.8377304471659395
BernieSanders,BernieSanders,5.8377304471659395
BernieSanders,HillaryClinton,0.0
HillaryClinton,BillClinton,0.0
HillaryClinton,JoeBiden,0.0
HillaryClinton,BernieSanders,0.0
BernieSanders,BillClinton,0.0
BillClinton,JoeBiden,0.0
BillClinton,BernieSanders,0.0
BernieSanders,JoeBiden,0.0
JoeBiden,BernieSanders,0.0
BernieSanders,BernieSanders,0.0
BernieSanders,TheBlueBirdSuc2,0.0
TheBlueBirdSuc2,DruidicM,0.0
TheBlueBirdSuc2,BernieSanders,0.0
BernieSanders,DruidicM,0.0
DruidicM,BernieSanders,0.0
BernieSanders,BernieSanders,0.0
BernieSanders,OurRevolution,2.772588722239781
BernieSanders,MTatersalad,0.0
MTatersalad,peaceloveandgi2,0.0
MTatersalad,Dalek_fan,0.0
MTatersalad,Rgbblues,0.0
MTatersalad,ggreenwald,0.0
MTatersalad,BernieSanders,0.0
BernieSanders,peaceloveandgi2,0.0
peaceloveandgi2,Dalek_fan,0.0
peaceloveandgi2,Rgbblues,0.0
peaceloveandgi2,ggreenwald,0.0
peaceloveandgi2,BernieSanders,0.0
BernieSanders,Dalek_fan,0.0
Dalek_fan,Rgbblues,0.0
Dalek_fan,ggreenwald,0.0
Dalek_fan,BernieSanders,0.0
BernieSanders,Rgbblues,0.0
Rgbblues,ggreenwald,0.0
Rgbblues,BernieSanders,0.0
BernieSanders,ggreenwald,0.0
ggreenwald,BernieSanders,0.0
BernieSanders,BernieSanders,0.0
BernieSanders,LaurenKGurley,4.204692619390966
LaurenKGurley,BernieSanders,4.204692619390966
LaurenKGurley,BAmazonUnion,4.204692619390966
BernieSanders,BernieSanders,4.204692619390966
BernieSanders,BAmazonUnion,4.204692619390966
BernieSanders,BAmazonUnion,4.204692619390966
BernieSanders,OurRevolution,2.772588722239781
BernieSanders,thedailybeast,0.0
thedailybeast,BernieSanders,0.0
BernieSanders,BernieSanders,0.0
BernieSanders,LaurenKGurley,4.204692619390966
LaurenKGurley,BernieSanders,4.204692619390966
LaurenKGurley,BAmazonUnion,4.204692619390966
BernieSanders,BernieSanders,4.204692619390966
BernieSanders,BAmazonUnion,4.204692619390966
BernieSanders,BAmazonUnion,4.204692619390966
BernieSanders,BakerHugh,1.0986122886681098
BakerHugh,BernieSanders,1.0986122886681098
BernieSanders,BernieSanders,1.0986122886681098
BernieSanders,BernieSanders,0.0
BernieSanders,OurRevolution,2.772588722239781
BernieSanders,LaurenKGurley,4.204692619390966
LaurenKGurley,BernieSanders,4.204692619390966
LaurenKGurley,BAmazonUnion,4.204692619390966
BernieSanders,BernieSanders,4.204692619390966
BernieSanders,BAmazonUnion,4.204692619390966
BernieSanders,BAmazonUnion,4.204692619390966
BernieSanders,BernieSanders,0.0
BernieSanders,LaurenKGurley,4.204692619390966
LaurenKGurley,BernieSanders,4.204692619390966
LaurenKGurley,BAmazonUnion,4.204692619390966
BernieSanders,BernieSanders,4.204692619390966
BernieSanders,BAmazonUnion,4.204692619390966
BernieSanders,BAmazonUnion,4.204692619390966
BernieSanders,OurRevolution,2.772588722239781
BernieSanders,ryanobles,4.290459441148391
ryanobles,BernieSanders,4.290459441148391
BernieSanders,BernieSanders,4.290459441148391
BernieSanders,joelpollak,4.02535169073515
joelpollak,BernieSanders,4.02535169073515
BernieSanders,BernieSanders,4.02535169073515
BernieSanders,BernieSanders,0.0
BernieSanders,OurRevolution,2.772588722239781
BernieSanders,JustTheNews,2.6390573296152584
JustTheNews,BernieSanders,2.6390573296152584
JustTheNews,Twitter,2.6390573296152584
BernieSanders,BernieSanders,2.6390573296152584
BernieSanders,Twitter,2.6390573296152584
BernieSanders,Twitter,2.6390573296152584
BernieSanders,OurRevolution,2.772588722239781
BernieSanders,OurRevolution,2.772588722239781
BernieSanders,OurRevolution,2.772588722239781
BernieSanders,AliKaung,0.0
AliKaung,CLEANFISH,0.0
AliKaung,BernieSanders,0.0
BernieSanders,CLEANFISH,0.0
CLEANFISH,BernieSanders,0.0
BernieSanders,BernieSanders,0.0
BernieSanders,thehill,0.0
thehill,BernieSanders,0.0
BernieSanders,BernieSanders,0.0
BernieSanders,BernieSanders,5.958424693029782
BernieSanders,onefairwage,5.958424693029782
BernieSanders,onefairwage,5.958424693029782
BernieSanders,dmedin11,2.6390573296152584
dmedin11,BernieSanders,2.6390573296152584
dmedin11,BAmazonUnion,2.6390573296152584
BernieSanders,BernieSanders,2.6390573296152584
BernieSanders,BAmazonUnion,2.6390573296152584
BernieSanders,BAmazonUnion,2.6390573296152584
BernieSanders,Jasonmi35415003,1.6094379124341003
Jasonmi35415003,AOC,1.6094379124341003
Jasonmi35415003,BernieSanders,1.6094379124341003
Jasonmi35415003,CoryBooker,1.6094379124341003
Jasonmi35415003,POTUS,1.6094379124341003
Jasonmi35415003,VP,1.6094379124341003
BernieSanders,AOC,1.6094379124341003
AOC,BernieSanders,1.6094379124341003
AOC,CoryBooker,1.6094379124341003
AOC,POTUS,1.6094379124341003
AOC,VP,1.6094379124341003
BernieSanders,BernieSanders,1.6094379124341003
BernieSanders,CoryBooker,1.6094379124341003
BernieSanders,POTUS,1.6094379124341003
BernieSanders,VP,1.6094379124341003
BernieSanders,CoryBooker,1.6094379124341003
CoryBooker,POTUS,1.6094379124341003
CoryBooker,VP,1.6094379124341003
BernieSanders,POTUS,1.6094379124341003
POTUS,VP,1.6094379124341003
BernieSanders,VP,1.6094379124341003
BernieSanders,dmedin11,3.044522437723423
dmedin11,BernieSanders,3.044522437723423
dmedin11,ryangrim,3.044522437723423
BernieSanders,BernieSanders,3.044522437723423
BernieSanders,ryangrim,3.044522437723423
BernieSanders,ryangrim,3.044522437723423
BernieSanders,Jasonmi35415003,0.0
Jasonmi35415003,AOC,0.0
Jasonmi35415003,BernieSanders,0.0
Jasonmi35415003,CoryBooker,0.0
Jasonmi35415003,POTUS,0.0
Jasonmi35415003,VP,0.0
BernieSanders,AOC,0.0
AOC,BernieSanders,0.0
AOC,CoryBooker,0.0
AOC,POTUS,0.0
AOC,VP,0.0
BernieSanders,BernieSanders,0.0
BernieSanders,CoryBooker,0.0
BernieSanders,POTUS,0.0
BernieSanders,VP,0.0
BernieSanders,CoryBooker,0.0
CoryBooker,POTUS,0.0
CoryBooker,VP,0.0
BernieSanders,POTUS,0.0
POTUS,VP,0.0
BernieSanders,VP,0.0
BernieSanders,ShabanaMir1,0.0
ShabanaMir1,BernieSanders,0.0
ShabanaMir1,BXMutualAidNtwk,0.0
ShabanaMir1,BAPPnyc,0.0
ShabanaMir1,MutualAidNYC,0.0
ShabanaMir1,NYCHealthSystem,0.0
ShabanaMir1,People4Bernie,0.0
ShabanaMir1,aapis4bernie,0.0
BernieSanders,BernieSanders,0.0
BernieSanders,BXMutualAidNtwk,0.0
BernieSanders,BAPPnyc,0.0
BernieSanders,MutualAidNYC,0.0
BernieSanders,NYCHealthSystem,0.0
BernieSanders,People4Bernie,0.0
BernieSanders,aapis4bernie,0.0
BernieSanders,BXMutualAidNtwk,0.0
BXMutualAidNtwk,BAPPnyc,0.0
BXMutualAidNtwk,MutualAidNYC,0.0
BXMutualAidNtwk,NYCHealthSystem,0.0
BXMutualAidNtwk,People4Bernie,0.0
BXMutualAidNtwk,aapis4bernie,0.0
BernieSanders,BAPPnyc,0.0
BAPPnyc,MutualAidNYC,0.0
BAPPnyc,NYCHealthSystem,0.0
BAPPnyc,People4Bernie,0.0
BAPPnyc,aapis4bernie,0.0
BernieSanders,MutualAidNYC,0.0
MutualAidNYC,NYCHealthSystem,0.0
MutualAidNYC,People4Bernie,0.0
MutualAidNYC,aapis4bernie,0.0
BernieSanders,NYCHealthSystem,0.0
NYCHealthSystem,People4Bernie,0.0
NYCHealthSystem,aapis4bernie,0.0
BernieSanders,People4Bernie,0.0
People4Bernie,aapis4bernie,0.0
BernieSanders,aapis4bernie,0.0
BernieSanders,BakerHugh,1.0986122886681098
BakerHugh,BernieSanders,1.0986122886681098
BernieSanders,BernieSanders,1.0986122886681098
BernieSanders,BernieSanders,0.0
BernieSanders,joelpollak,4.02535169073515
joelpollak,BernieSanders,4.02535169073515
BernieSanders,BernieSanders,4.02535169073515
BernieSanders,AliKaung,1.6094379124341003
AliKaung,BernieSanders,1.6094379124341003
BernieSanders,BernieSanders,1.6094379124341003
BernieSanders,BernieSanders,1.0986122886681098
BernieSanders,ryanobles,4.290459441148391
ryanobles,BernieSanders,4.290459441148391
BernieSanders,BernieSanders,4.290459441148391
BernieSanders,LaurenKGurley,4.204692619390966
LaurenKGurley,BernieSanders,4.204692619390966
LaurenKGurley,BAmazonUnion,4.204692619390966
BernieSanders,BernieSanders,4.204692619390966
BernieSanders,BAmazonUnion,4.204692619390966
BernieSanders,BAmazonUnion,4.204692619390966
BernieSanders,dylanobrien,0.0
dylanobrien,BernieSanders,0.0
BernieSanders,BernieSanders,0.0
BernieSanders,nytopinion,0.0
nytopinion,BernieSanders,0.0
BernieSanders,BernieSanders,0.0
BernieSanders,Zenkofoo,0.0
Zenkofoo,Lipsytee,0.0
Zenkofoo,Nikola_Truth,0.0
Zenkofoo,BenjaminMars4,0.0
Zenkofoo,BernieSanders,0.0
BernieSanders,Lipsytee,0.0
Lipsytee,Nikola_Truth,0.0
Lipsytee,BenjaminMars4,0.0
Lipsytee,BernieSanders,0.0
BernieSanders,Nikola_Truth,0.0
Nikola_Truth,BenjaminMars4,0.0
Nikola_Truth,BernieSanders,0.0
BernieSanders,BenjaminMars4,0.0
BenjaminMars4,BernieSanders,0.0
BernieSanders,BernieSanders,0.0
BernieSanders,AliKaung,1.6094379124341003
AliKaung,BernieSanders,1.6094379124341003
BernieSanders,BernieSanders,1.6094379124341003
BernieSanders,LaurenKGurley,4.204692619390966
LaurenKGurley,BernieSanders,4.204692619390966
LaurenKGurley,BAmazonUnion,4.204692619390966
BernieSanders,BernieSanders,4.204692619390966
BernieSanders,BAmazonUnion,4.204692619390966
BernieSanders,BAmazonUnion,4.204692619390966
BernieSanders,ProudSocialist,0.0
ProudSocialist,BernieSanders,0.0
ProudSocialist,BarackObama,0.0
ProudSocialist,HillaryClinton,0.0
ProudSocialist,JoeBiden,0.0
BernieSanders,BernieSanders,0.0
BernieSanders,BarackObama,0.0
BernieSanders,HillaryClinton,0.0
BernieSanders,JoeBiden,0.0
BernieSanders,BarackObama,0.0
BarackObama,HillaryClinton,0.0
BarackObama,JoeBiden,0.0
BernieSanders,HillaryClinton,0.0
HillaryClinton,JoeBiden,0.0
BernieSanders,JoeBiden,0.0
BernieSanders,WayneVaughan,1.0986122886681098
BernieSanders,Winston33472001,0.0
Winston33472001,RrrPeeSRC,0.0
Winston33472001,EricsElectrons,0.0
Winston33472001,BernieSanders,0.0
BernieSanders,RrrPeeSRC,0.0
RrrPeeSRC,EricsElectrons,0.0
RrrPeeSRC,BernieSanders,0.0
BernieSanders,EricsElectrons,0.0
EricsElectrons,BernieSanders,0.0
BernieSanders,BernieSanders,0.0
BernieSanders,LaurenKGurley,4.204692619390966
LaurenKGurley,BernieSanders,4.204692619390966
LaurenKGurley,BAmazonUnion,4.204692619390966
BernieSanders,BernieSanders,4.204692619390966
BernieSanders,BAmazonUnion,4.204692619390966
BernieSanders,BAmazonUnion,4.204692619390966
BernieSanders,CoriBush,7.089243155027514
BernieSanders,voteblue77,1.6094379124341003
voteblue77,POTUS,1.6094379124341003
voteblue77,JoeBiden,1.6094379124341003
voteblue77,KamalaHarris,1.6094379124341003
voteblue77,SpeakerPelosi,1.6094379124341003
voteblue77,RepAdamSchiff,1.6094379124341003
voteblue77,SenatorDurbin,1.6094379124341003
voteblue77,BernieSanders,1.6094379124341003
BernieSanders,POTUS,1.6094379124341003
POTUS,JoeBiden,1.6094379124341003
POTUS,KamalaHarris,1.6094379124341003
POTUS,SpeakerPelosi,1.6094379124341003
POTUS,RepAdamSchiff,1.6094379124341003
POTUS,SenatorDurbin,1.6094379124341003
POTUS,BernieSanders,1.6094379124341003
BernieSanders,JoeBiden,1.6094379124341003
JoeBiden,KamalaHarris,1.6094379124341003
JoeBiden,SpeakerPelosi,1.6094379124341003
JoeBiden,RepAdamSchiff,1.6094379124341003
JoeBiden,SenatorDurbin,1.6094379124341003
JoeBiden,BernieSanders,1.6094379124341003
BernieSanders,KamalaHarris,1.6094379124341003
KamalaHarris,SpeakerPelosi,1.6094379124341003
KamalaHarris,RepAdamSchiff,1.6094379124341003
KamalaHarris,SenatorDurbin,1.6094379124341003
KamalaHarris,BernieSanders,1.6094379124341003
BernieSanders,SpeakerPelosi,1.6094379124341003
SpeakerPelosi,RepAdamSchiff,1.6094379124341003
SpeakerPelosi,SenatorDurbin,1.6094379124341003
SpeakerPelosi,BernieSanders,1.6094379124341003
BernieSanders,RepAdamSchiff,1.6094379124341003
RepAdamSchiff,SenatorDurbin,1.6094379124341003
RepAdamSchiff,BernieSanders,1.6094379124341003
BernieSanders,SenatorDurbin,1.6094379124341003
SenatorDurbin,BernieSanders,1.6094379124341003
BernieSanders,BernieSanders,1.6094379124341003
BernieSanders,LaurenKGurley,4.204692619390966
LaurenKGurley,BernieSanders,4.204692619390966
LaurenKGurley,BAmazonUnion,4.204692619390966
BernieSanders,BernieSanders,4.204692619390966
BernieSanders,BAmazonUnion,4.204692619390966
BernieSanders,BAmazonUnion,4.204692619390966
BernieSanders,jzink0883,0.0
jzink0883,DruidicM,0.0
jzink0883,BernieSanders,0.0
BernieSanders,DruidicM,0.0
DruidicM,BernieSanders,0.0
BernieSanders,BernieSanders,0.0
BernieSanders,SharnaAisha,0.6931471805599453
SharnaAisha,jamieson,0.6931471805599453
SharnaAisha,BernieSanders,0.6931471805599453
SharnaAisha,MartyJWalsh,0.6931471805599453
BernieSanders,jamieson,0.6931471805599453
jamieson,BernieSanders,0.6931471805599453
jamieson,MartyJWalsh,0.6931471805599453
BernieSanders,BernieSanders,0.6931471805599453
BernieSanders,MartyJWalsh,0.6931471805599453
BernieSanders,MartyJWalsh,0.6931471805599453
BernieSanders,People4Bernie,1.0986122886681098
People4Bernie,jamieson,1.0986122886681098
People4Bernie,BernieSanders,1.0986122886681098
BernieSanders,jamieson,1.0986122886681098
jamieson,BernieSanders,1.0986122886681098
BernieSanders,BernieSanders,1.0986122886681098
BernieSanders,BernieSanders,5.958424693029782
BernieSanders,onefairwage,5.958424693029782
BernieSanders,onefairwage,5.958424693029782
BernieSanders,jzink0883,0.0
jzink0883,DruidicM,0.0
jzink0883,BernieSanders,0.0
BernieSanders,DruidicM,0.0
DruidicM,BernieSanders,0.0
BernieSanders,BernieSanders,0.0
BernieSanders,BernieSanders,0.0
BernieSanders,ewarren,0.0
BernieSanders,ewarren,0.0
BernieSanders,BernieSanders,0.0
BernieSanders,CoriBush,7.089243155027514
BernieSanders,jamieson,0.0
jamieson,BernieSanders,0.0
BernieSanders,BernieSanders,0.0
BernieSanders,bbogaard,1.0986122886681098
bbogaard,BernieSanders,1.0986122886681098
bbogaard,RBReich,1.0986122886681098
bbogaard,elonmusk,1.0986122886681098
BernieSanders,BernieSanders,1.0986122886681098
BernieSanders,RBReich,1.0986122886681098
BernieSanders,elonmusk,1.0986122886681098
BernieSanders,RBReich,1.0986122886681098
RBReich,elonmusk,1.0986122886681098
BernieSanders,elonmusk,1.0986122886681098
BernieSanders,CoriBush,7.089243155027514
BernieSanders,Winston33472001,0.0
Winston33472001,EricsElectrons,0.0
Winston33472001,BernieSanders,0.0
BernieSanders,EricsElectrons,0.0
EricsElectrons,BernieSanders,0.0
BernieSanders,BernieSanders,0.0
BernieSanders,BernieSanders,7.215975002651466
BernieSanders,BernieSanders,0.0
BernieSanders,BernieSanders,5.958424693029782
BernieSanders,onefairwage,5.958424693029782
BernieSanders,onefairwage,5.958424693029782
BernieSanders,CoriBush,7.089243155027514
BernieSanders,People4Bernie,1.0986122886681098
People4Bernie,jamieson,1.0986122886681098
People4Bernie,BernieSanders,1.0986122886681098
BernieSanders,jamieson,1.0986122886681098
jamieson,BernieSanders,1.0986122886681098
BernieSanders,BernieSanders,1.0986122886681098
BernieSanders,LaurenKGurley,4.204692619390966
LaurenKGurley,BernieSanders,4.204692619390966
LaurenKGurley,BAmazonUnion,4.204692619390966
BernieSanders,BernieSanders,4.204692619390966
BernieSanders,BAmazonUnion,4.204692619390966
BernieSanders,BAmazonUnion,4.204692619390966
BernieSanders,BernieSanders,5.958424693029782
BernieSanders,onefairwage,5.958424693029782
BernieSanders,onefairwage,5.958424693029782
BernieSanders,CoriBush,0.0
CoriBush,BernieSanders,0.0
BernieSanders,BernieSanders,0.0
BernieSanders,jamieson,0.0
jamieson,BernieSanders,0.0
BernieSanders,BernieSanders,0.0
BernieSanders,CoriBush,7.089243155027514
BernieSanders,scottwww,0.0
scottwww,BernieSanders,0.0
BernieSanders,BernieSanders,0.0
BernieSanders,ProudSocialist,5.8377304471659395
ProudSocialist,BernieSanders,5.8377304471659395
BernieSanders,BernieSanders,5.8377304471659395
BernieSanders,CoriBush,7.089243155027514
BernieSanders,BernieSanders,0.0
BernieSanders,BernieSanders,0.0
BernieSanders,ryanobles,4.290459441148391
ryanobles,BernieSanders,4.290459441148391
BernieSanders,BernieSanders,4.290459441148391
BernieSanders,CoriBush,7.089243155027514
BernieSanders,BernieSanders,6.93537044601511
BernieSanders,JustTheNews,2.6390573296152584
JustTheNews,BernieSanders,2.6390573296152584
JustTheNews,Twitter,2.6390573296152584
BernieSanders,BernieSanders,2.6390573296152584
BernieSanders,Twitter,2.6390573296152584
BernieSanders,Twitter,2.6390573296152584
BernieSanders,joelpollak,4.02535169073515
joelpollak,BernieSanders,4.02535169073515
BernieSanders,BernieSanders,4.02535169073515
BernieSanders,ryanobles,4.290459441148391
ryanobles,BernieSanders,4.290459441148391
BernieSanders,BernieSanders,4.290459441148391
BernieSanders,BernieSanders,0.0
BernieSanders,jamieson,0.6931471805599453
jamieson,BernieSanders,0.6931471805599453
jamieson,MartyJWalsh,0.6931471805599453
BernieSanders,BernieSanders,0.6931471805599453
BernieSanders,MartyJWalsh,0.6931471805599453
BernieSanders,MartyJWalsh,0.6931471805599453
BernieSanders,Britneyfan54,1.0986122886681098
Britneyfan54,CoriBush,1.0986122886681098
Britneyfan54,BernieSanders,1.0986122886681098
BernieSanders,CoriBush,1.0986122886681098
CoriBush,BernieSanders,1.0986122886681098
BernieSanders,BernieSanders,1.0986122886681098
BernieSanders,GaryGrumbach,2.833213344056216
GaryGrumbach,BernieSanders,2.833213344056216
GaryGrumbach,amazon,2.833213344056216
BernieSanders,BernieSanders,2.833213344056216
BernieSanders,amazon,2.833213344056216
BernieSanders,amazon,2.833213344056216
BernieSanders,joelpollak,0.0
joelpollak,lawyer4laws,0.0
joelpollak,BernieSanders,0.0
joelpollak,SenSanders,0.0
joelpollak,BreitbartNews,0.0
BernieSanders,lawyer4laws,0.0
lawyer4laws,BernieSanders,0.0
lawyer4laws,SenSanders,0.0
lawyer4laws,BreitbartNews,0.0
BernieSanders,BernieSanders,0.0
BernieSanders,SenSanders,0.0
BernieSanders,BreitbartNews,0.0
BernieSanders,SenSanders,0.0
SenSanders,BreitbartNews,0.0
BernieSanders,BreitbartNews,0.0
BernieSanders,ggreenwald,0.0
ggreenwald,BernieSanders,0.0
BernieSanders,BernieSanders,0.0
BernieSanders,AliKaung,1.6094379124341003
AliKaung,BernieSanders,1.6094379124341003
BernieSanders,BernieSanders,1.6094379124341003
BernieSanders,joelpollak,4.02535169073515
joelpollak,BernieSanders,4.02535169073515
BernieSanders,BernieSanders,4.02535169073515
BernieSanders,ryanobles,4.290459441148391
ryanobles,BernieSanders,4.290459441148391
BernieSanders,BernieSanders,4.290459441148391
BernieSanders,CoriBush,7.089243155027514
BernieSanders,JustTheNews,2.6390573296152584
JustTheNews,BernieSanders,2.6390573296152584
JustTheNews,Twitter,2.6390573296152584
BernieSanders,BernieSanders,2.6390573296152584
BernieSanders,Twitter,2.6390573296152584
BernieSanders,Twitter,2.6390573296152584
BernieSanders,ryanobles,4.290459441148391
ryanobles,BernieSanders,4.290459441148391
BernieSanders,BernieSanders,4.290459441148391
BernieSanders,ggreenwald,6.340359303727752
ggreenwald,BernieSanders,6.340359303727752
BernieSanders,BernieSanders,6.340359303727752
BernieSanders,thehill,0.0
thehill,BernieSanders,0.0
BernieSanders,BernieSanders,0.0
BernieSanders,JackPosobiec,0.0
BernieSanders,GaryGrumbach,2.833213344056216
GaryGrumbach,BernieSanders,2.833213344056216
GaryGrumbach,amazon,2.833213344056216
BernieSanders,BernieSanders,2.833213344056216
BernieSanders,amazon,2.833213344056216
BernieSanders,amazon,2.833213344056216
BernieSanders,BernieSanders,0.0
BernieSanders,CoriBush,7.089243155027514
BernieSanders,NickOfATL,0.0
NickOfATL,realDan203,0.0
NickOfATL,BernieSanders,0.0
BernieSanders,realDan203,0.0
realDan203,BernieSanders,0.0
BernieSanders,BernieSanders,0.0
BernieSanders,voteblue77,0.0
voteblue77,POTUS,0.0
voteblue77,JoeBiden,0.0
voteblue77,KamalaHarris,0.0
voteblue77,SpeakerPelosi,0.0
voteblue77,RepAdamSchiff,0.0
voteblue77,SenatorDurbin,0.0
voteblue77,BernieSanders,0.0
voteblue77,RepRaskin,0.0
BernieSanders,POTUS,0.0
POTUS,JoeBiden,0.0
POTUS,KamalaHarris,0.0
POTUS,SpeakerPelosi,0.0
POTUS,RepAdamSchiff,0.0
POTUS,SenatorDurbin,0.0
POTUS,BernieSanders,0.0
POTUS,RepRaskin,0.0
BernieSanders,JoeBiden,0.0
JoeBiden,KamalaHarris,0.0
JoeBiden,SpeakerPelosi,0.0
JoeBiden,RepAdamSchiff,0.0
JoeBiden,SenatorDurbin,0.0
JoeBiden,BernieSanders,0.0
JoeBiden,RepRaskin,0.0
BernieSanders,KamalaHarris,0.0
KamalaHarris,SpeakerPelosi,0.0
KamalaHarris,RepAdamSchiff,0.0
KamalaHarris,SenatorDurbin,0.0
KamalaHarris,BernieSanders,0.0
KamalaHarris,RepRaskin,0.0
BernieSanders,SpeakerPelosi,0.0
SpeakerPelosi,RepAdamSchiff,0.0
SpeakerPelosi,SenatorDurbin,0.0
SpeakerPelosi,BernieSanders,0.0
SpeakerPelosi,RepRaskin,0.0
BernieSanders,RepAdamSchiff,0.0
RepAdamSchiff,SenatorDurbin,0.0
RepAdamSchiff,BernieSanders,0.0
RepAdamSchiff,RepRaskin,0.0
BernieSanders,SenatorDurbin,0.0
SenatorDurbin,BernieSanders,0.0
SenatorDurbin,RepRaskin,0.0
BernieSanders,BernieSanders,0.0
BernieSanders,RepRaskin,0.0
BernieSanders,RepRaskin,0.0
BernieSanders,nypost,0.0
nypost,RAJTHAKUR42,0.0
nypost,BernieSanders,0.0
BernieSanders,RAJTHAKUR42,0.0
RAJTHAKUR42,BernieSanders,0.0
BernieSanders,BernieSanders,0.0
BernieSanders,jamieson,1.0986122886681098
jamieson,BernieSanders,1.0986122886681098
BernieSanders,BernieSanders,1.0986122886681098
BernieSanders,ryanobles,4.290459441148391
ryanobles,BernieSanders,4.290459441148391
BernieSanders,BernieSanders,4.290459441148391
BernieSanders,voteblue77,1.6094379124341003
voteblue77,POTUS,1.6094379124341003
voteblue77,JoeBiden,1.6094379124341003
voteblue77,KamalaHarris,1.6094379124341003
voteblue77,SpeakerPelosi,1.6094379124341003
voteblue77,RepAdamSchiff,1.6094379124341003
voteblue77,SenatorDurbin,1.6094379124341003
voteblue77,BernieSanders,1.6094379124341003
BernieSanders,POTUS,1.6094379124341003
POTUS,JoeBiden,1.6094379124341003
POTUS,KamalaHarris,1.6094379124341003
POTUS,SpeakerPelosi,1.6094379124341003
POTUS,RepAdamSchiff,1.6094379124341003
POTUS,SenatorDurbin,1.6094379124341003
POTUS,BernieSanders,1.6094379124341003
BernieSanders,JoeBiden,1.6094379124341003
JoeBiden,KamalaHarris,1.6094379124341003
JoeBiden,SpeakerPelosi,1.6094379124341003
JoeBiden,RepAdamSchiff,1.6094379124341003
JoeBiden,SenatorDurbin,1.6094379124341003
JoeBiden,BernieSanders,1.6094379124341003
BernieSanders,KamalaHarris,1.6094379124341003
KamalaHarris,SpeakerPelosi,1.6094379124341003
KamalaHarris,RepAdamSchiff,1.6094379124341003
KamalaHarris,SenatorDurbin,1.6094379124341003
KamalaHarris,BernieSanders,1.6094379124341003
BernieSanders,SpeakerPelosi,1.6094379124341003
SpeakerPelosi,RepAdamSchiff,1.6094379124341003
SpeakerPelosi,SenatorDurbin,1.6094379124341003
SpeakerPelosi,BernieSanders,1.6094379124341003
BernieSanders,RepAdamSchiff,1.6094379124341003
RepAdamSchiff,SenatorDurbin,1.6094379124341003
RepAdamSchiff,BernieSanders,1.6094379124341003
BernieSanders,SenatorDurbin,1.6094379124341003
SenatorDurbin,BernieSanders,1.6094379124341003
BernieSanders,BernieSanders,1.6094379124341003
BernieSanders,dmedin11,0.0
dmedin11,BernieSanders,0.0
dmedin11,BAmazonUnion,0.0
BernieSanders,BernieSanders,0.0
BernieSanders,BAmazonUnion,0.0
BernieSanders,BAmazonUnion,0.0
BernieSanders,jamieson,0.0
jamieson,BernieSanders,0.0
BernieSanders,BernieSanders,0.0
BernieSanders,joelpollak,4.02535169073515
joelpollak,BernieSanders,4.02535169073515
BernieSanders,BernieSanders,4.02535169073515
BernieSanders,ryanobles,4.290459441148391
ryanobles,BernieSanders,4.290459441148391
BernieSanders,BernieSanders,4.290459441148391
BernieSanders,amyvanwinkle,0.0
amyvanwinkle,maartenlen,0.0
amyvanwinkle,filmsonthebayou,0.0
amyvanwinkle,ibdurk,0.0
amyvanwinkle,ACMESalesRep,0.0
amyvanwinkle,Broom_2,0.0
amyvanwinkle,leclerc_alex,0.0
amyvanwinkle,BernieSanders,0.0
BernieSanders,maartenlen,0.0
maartenlen,filmsonthebayou,0.0
maartenlen,ibdurk,0.0
maartenlen,ACMESalesRep,0.0
maartenlen,Broom_2,0.0
maartenlen,leclerc_alex,0.0
maartenlen,BernieSanders,0.0
BernieSanders,filmsonthebayou,0.0
filmsonthebayou,ibdurk,0.0
filmsonthebayou,ACMESalesRep,0.0
filmsonthebayou,Broom_2,0.0
filmsonthebayou,leclerc_alex,0.0
filmsonthebayou,BernieSanders,0.0
BernieSanders,ibdurk,0.0
ibdurk,ACMESalesRep,0.0
ibdurk,Broom_2,0.0
ibdurk,leclerc_alex,0.0
ibdurk,BernieSanders,0.0
BernieSanders,ACMESalesRep,0.0
ACMESalesRep,Broom_2,0.0
ACMESalesRep,leclerc_alex,0.0
ACMESalesRep,BernieSanders,0.0
BernieSanders,Broom_2,0.0
Broom_2,leclerc_alex,0.0
Broom_2,BernieSanders,0.0
BernieSanders,leclerc_alex,0.0
leclerc_alex,BernieSanders,0.0
BernieSanders,BernieSanders,0.0
BernieSanders,ryanobles,4.290459441148391
ryanobles,BernieSanders,4.290459441148391
BernieSanders,BernieSanders,4.290459441148391
BernieSanders,LaurenKGurley,4.204692619390966
LaurenKGurley,BernieSanders,4.204692619390966
LaurenKGurley,BAmazonUnion,4.204692619390966
BernieSanders,BernieSanders,4.204692619390966
BernieSanders,BAmazonUnion,4.204692619390966
BernieSanders,BAmazonUnion,4.204692619390966
BernieSanders,LaurenKGurley,4.204692619390966
LaurenKGurley,BernieSanders,4.204692619390966
LaurenKGurley,BAmazonUnion,4.204692619390966
BernieSanders,BernieSanders,4.204692619390966
BernieSanders,BAmazonUnion,4.204692619390966
BernieSanders,BAmazonUnion,4.204692619390966
BernieSanders,dmedin11,2.6390573296152584
dmedin11,BernieSanders,2.6390573296152584
dmedin11,BAmazonUnion,2.6390573296152584
BernieSanders,BernieSanders,2.6390573296152584
BernieSanders,BAmazonUnion,2.6390573296152584
BernieSanders,BAmazonUnion,2.6390573296152584
BernieSanders,MorningsMaria,3.5263605246161616
MorningsMaria,AngelaLMorabito,3.5263605246161616
MorningsMaria,BernieSanders,3.5263605246161616
BernieSanders,AngelaLMorabito,3.5263605246161616
AngelaLMorabito,BernieSanders,3.5263605246161616
BernieSanders,BernieSanders,3.5263605246161616
BernieSanders,BernieSanders,0.0
BernieSanders,BernieSanders,0.0
BernieSanders,SenBrianSchatz,0.0
BernieSanders,sohornyloljk,0.6931471805599453
sohornyloljk,ggreenwald,0.6931471805599453
sohornyloljk,BernieSanders,0.6931471805599453
BernieSanders,ggreenwald,0.6931471805599453
ggreenwald,BernieSanders,0.6931471805599453
BernieSanders,BernieSanders,0.6931471805599453
BernieSanders,ggreenwald,6.340359303727752
ggreenwald,BernieSanders,6.340359303727752
BernieSanders,BernieSanders,6.340359303727752
BernieSanders,sohornyloljk,0.6931471805599453
sohornyloljk,ggreenwald,0.6931471805599453
sohornyloljk,BernieSanders,0.6931471805599453
BernieSanders,ggreenwald,0.6931471805599453
ggreenwald,BernieSanders,0.6931471805599453
BernieSanders,BernieSanders,0.6931471805599453
BernieSanders,ryanobles,4.290459441148391
ryanobles,BernieSanders,4.290459441148391
BernieSanders,BernieSanders,4.290459441148391
BernieSanders,JordanChariton,4.7535901911063645
JordanChariton,BernieSanders,4.7535901911063645
BernieSanders,BernieSanders,4.7535901911063645
BernieSanders,dmedin11,2.6390573296152584
dmedin11,BernieSanders,2.6390573296152584
dmedin11,BAmazonUnion,2.6390573296152584
BernieSanders,BernieSanders,2.6390573296152584
BernieSanders,BAmazonUnion,2.6390573296152584
BernieSanders,BAmazonUnion,2.6390573296152584
BernieSanders,BernieSanders,0.0
BernieSanders,onefairwage,0.0
BernieSanders,onefairwage,0.0
BernieSanders,BernieSanders,0.0
BernieSanders,TulsiGabbard,0.0
BernieSanders,TulsiGabbard,0.0
BernieSanders,joelpollak,4.02535169073515
joelpollak,BernieSanders,4.02535169073515
BernieSanders,BernieSanders,4.02535169073515
BernieSanders,ggreenwald,0.0
ggreenwald,BernieSanders,0.0
BernieSanders,BernieSanders,0.0
BernieSanders,WallStCynic,0.0
WallStCynic,davidein,0.0
WallStCynic,AOC,0.0
WallStCynic,BernieSanders,0.0
WallStCynic,kimbal,0.0
BernieSanders,davidein,0.0
davidein,AOC,0.0
davidein,BernieSanders,0.0
davidein,kimbal,0.0
BernieSanders,AOC,0.0
AOC,BernieSanders,0.0
AOC,kimbal,0.0
BernieSanders,BernieSanders,0.0
BernieSanders,kimbal,0.0
BernieSanders,kimbal,0.0
BernieSanders,ryanobles,4.290459441148391
ryanobles,BernieSanders,4.290459441148391
BernieSanders,BernieSanders,4.290459441148391
BernieSanders,LaurenKGurley,4.204692619390966
LaurenKGurley,BernieSanders,4.204692619390966
LaurenKGurley,BAmazonUnion,4.204692619390966
BernieSanders,BernieSanders,4.204692619390966
BernieSanders,BAmazonUnion,4.204692619390966
BernieSanders,BAmazonUnion,4.204692619390966
BernieSanders,AliKaung,1.6094379124341003
AliKaung,BernieSanders,1.6094379124341003
BernieSanders,BernieSanders,1.6094379124341003
BernieSanders,Wandafay,0.6931471805599453
Wandafay,BernieSanders,0.6931471805599453
BernieSanders,BernieSanders,0.6931471805599453
BernieSanders,pauljosephjkass,0.0
pauljosephjkass,CoriBush,0.0
pauljosephjkass,BernieSanders,0.0
BernieSanders,CoriBush,0.0
CoriBush,BernieSanders,0.0
BernieSanders,BernieSanders,0.0
BernieSanders,ryanobles,4.290459441148391
ryanobles,BernieSanders,4.290459441148391
BernieSanders,BernieSanders,4.290459441148391
BernieSanders,dmedin11,3.044522437723423
dmedin11,BernieSanders,3.044522437723423
dmedin11,ryangrim,3.044522437723423
BernieSanders,BernieSanders,3.044522437723423
BernieSanders,ryangrim,3.044522437723423
BernieSanders,ryangrim,3.044522437723423
BernieSanders,TheBlueBirdSuc2,0.0
TheBlueBirdSuc2,DruidicM,0.0
TheBlueBirdSuc2,BernieSanders,0.0
BernieSanders,DruidicM,0.0
DruidicM,BernieSanders,0.0
BernieSanders,BernieSanders,0.0
BernieSanders,LaurenKGurley,4.204692619390966
LaurenKGurley,BernieSanders,4.204692619390966
LaurenKGurley,BAmazonUnion,4.204692619390966
BernieSanders,BernieSanders,4.204692619390966
BernieSanders,BAmazonUnion,4.204692619390966
BernieSanders,BAmazonUnion,4.204692619390966
BernieSanders,BernieSanders,0.0
BernieSanders,ryanobles,4.290459441148391
ryanobles,BernieSanders,4.290459441148391
BernieSanders,BernieSanders,4.290459441148391
BernieSanders,ryanobles,4.290459441148391
ryanobles,BernieSanders,4.290459441148391
BernieSanders,BernieSanders,4.290459441148391
BernieSanders,ryanobles,4.290459441148391
ryanobles,BernieSanders,4.290459441148391
BernieSanders,BernieSanders,4.290459441148391
BernieSanders,dmedin11,3.044522437723423
dmedin11,BernieSanders,3.044522437723423
dmedin11,ryangrim,3.044522437723423
BernieSanders,BernieSanders,3.044522437723423
BernieSanders,ryangrim,3.044522437723423
BernieSanders,ryangrim,3.044522437723423
